,AGE,FEMALE,RACE,ZIPINC_QRTL,DIED,LOS
25%,7.568965517241379,0.3226744186046512,1.6677215189873418,2.421511627906977,0.0,7.123563218390805
50%,7.775862068965517,0.3372093023255814,1.6962025316455696,2.453488372093023,0.0,7.252873563218391
75%,7.905172413793103,0.35755813953488375,1.731012658227848,2.4825581395348837,0.0,7.373563218390805
count,1.2528735632183907,1.2413793103448276,1.1494252873563218,1.2413793103448276,1.2528735632183907,1.2528735632183907
max,8.03448275862069,0.38372093023255816,1.759493670886076,2.5232558139534884,0.0,7.551724137931035
mean,7.7444444444444445,0.3434108527131783,1.7004219409282701,2.455813953488372,0.0,7.2605363984674325
min,7.425287356321839,0.313953488372093,1.6455696202531647,2.395348837209302,0.0,7.0
std,2.4868428417799686,0.2841235973657225,0.4672938688462019,0.5536781456674066,0.0,2.302351759226485
