,AGE,FEMALE,RACE,ZIPINC_QRTL,DIED,LOS
25%,61.0,0.6666666666666666,1.6,1.6666666666666667,0.0,3.8333333333333335
50%,61.0,0.6666666666666666,1.6,1.6666666666666667,0.0,3.8333333333333335
75%,61.0,0.6666666666666666,1.6,1.6666666666666667,0.0,3.8333333333333335
count,1.0,1.0,0.8333333333333334,1.0,1.0,1.0
max,61.0,0.6666666666666666,1.6,1.6666666666666667,0.0,3.8333333333333335
mean,61.0,0.6666666666666666,1.6,1.6666666666666667,0.0,3.8333333333333335
min,61.0,0.6666666666666666,1.6,1.6666666666666667,0.0,3.8333333333333335
std,,,,,,
