,AGE,FEMALE,RACE,ZIPINC_QRTL,DIED,LOS
25%,52.023809523809526,0.7142857142857143,2.05,2.539473684210526,0.0,4.583333333333333
50%,52.666666666666664,0.7142857142857143,2.05,2.5526315789473686,0.0,5.071428571428571
75%,53.30952380952381,0.7142857142857143,2.05,2.5657894736842106,0.0,5.559523809523809
count,1.0476190476190477,1.0476190476190477,1.0,0.9523809523809523,1.0476190476190477,1.0476190476190477
max,53.95238095238095,0.7142857142857143,2.05,2.5789473684210527,0.0,6.0476190476190474
mean,52.666666666666664,0.7142857142857143,2.05,2.5526315789473686,0.0,5.071428571428571
min,51.38095238095238,0.7142857142857143,2.05,2.526315789473684,0.0,4.095238095238095
std,38.18376618407357,0.0,0.0,0.7071067811865476,0.0,28.991378028648448
