,AGE,FEMALE,RACE,ZIPINC_QRTL,DIED,LOS
25%,23.116906474820144,0.5341726618705036,1.8264925373134329,2.391544117647059,0.0,2.7284172661870505
50%,23.66906474820144,0.579136690647482,1.9104477611940298,2.4669117647058822,0.0,2.7985611510791366
75%,24.303956834532375,0.6169064748201439,1.9813432835820894,2.53125,0.0,2.922661870503597
count,1.3453237410071943,1.3453237410071943,1.2805755395683454,1.3237410071942446,1.3453237410071943,1.3453237410071943
max,25.07913669064748,0.6474820143884892,2.0522388059701493,2.588235294117647,0.0,3.050359712230216
mean,23.747002398081534,0.5743405275779376,1.9011194029850746,2.4595588235294117,0.0,2.8357314148681056
min,22.56115107913669,0.49640287769784175,1.7388059701492538,2.323529411764706,0.0,2.661870503597122
std,5.784206586208346,0.3702816666562097,0.8284961435969677,0.6337765773375391,0.0,0.9016255661243475
