,AGE,FEMALE,RACE,ZIPINC_QRTL,DIED,LOS
25%,17.075757575757574,0.3939393939393939,1.6590909090909092,2.4393939393939394,0.0,5.765151515151516
50%,17.87878787878788,0.42424242424242425,1.6818181818181819,2.4545454545454546,0.0,5.803030303030303
75%,18.681818181818183,0.45454545454545453,1.7045454545454546,2.4696969696969697,0.0,5.840909090909091
count,1.1515151515151516,1.1515151515151516,1.1515151515151516,1.1515151515151516,1.1515151515151516,1.1515151515151516
max,19.484848484848484,0.48484848484848486,1.7272727272727273,2.484848484848485,0.0,5.878787878787879
mean,17.87878787878788,0.42424242424242425,1.6818181818181819,2.4545454545454546,0.0,5.803030303030303
min,16.272727272727273,0.36363636363636365,1.6363636363636365,2.4242424242424243,0.0,5.7272727272727275
std,14.99066376115481,0.565685424949238,0.42426406871192857,0.282842712474619,0.0,0.7071067811865475
