,AGE,FEMALE,RACE,ZIPINC_QRTL,DIED,LOS
25%,17.0,0.16666666666666666,2.0,2.4,0.0,2.8333333333333335
50%,17.0,0.16666666666666666,2.0,2.4,0.0,2.8333333333333335
75%,17.0,0.16666666666666666,2.0,2.4,0.0,2.8333333333333335
count,1.0,1.0,0.6666666666666666,0.8333333333333334,1.0,1.0
max,17.0,0.16666666666666666,2.0,2.4,0.0,2.8333333333333335
mean,17.0,0.16666666666666666,2.0,2.4,0.0,2.8333333333333335
min,17.0,0.16666666666666666,2.0,2.4,0.0,2.8333333333333335
std,,,,,,
