,AGE,FEMALE,RACE,ZIPINC_QRTL,DIED,LOS
25%,5.958333333333333,0.5,2.0,2.2777777777777777,0.0,2.9166666666666665
50%,5.972222222222222,0.5,2.0,2.2777777777777777,0.0,2.9444444444444446
75%,5.986111111111111,0.5,2.0,2.2777777777777777,0.0,2.9722222222222223
count,1.1111111111111112,1.1111111111111112,1.1111111111111112,1.1111111111111112,1.1111111111111112,1.1111111111111112
max,6.0,0.5,2.0,2.2777777777777777,0.0,3.0
mean,5.972222222222222,0.5,2.0,2.2777777777777777,0.0,2.9444444444444446
min,5.944444444444445,0.5,2.0,2.2777777777777777,0.0,2.888888888888889
std,0.3535533905932738,0.0,0.0,0.0,0.0,0.7071067811865476
