,AGE,FEMALE,RACE,ZIPINC_QRTL,DIED,LOS
25%,18.87121212121212,0.5454545454545454,1.7333333333333334,2.4375,0.0,4.96969696969697
50%,18.924242424242426,0.5454545454545454,1.7333333333333334,2.4375,0.0,4.96969696969697
75%,18.977272727272727,0.5454545454545454,1.7333333333333334,2.4375,0.0,4.96969696969697
count,1.0909090909090908,1.0909090909090908,0.9696969696969697,1.0606060606060606,1.0909090909090908,1.0909090909090908
max,19.03030303030303,0.5454545454545454,1.7333333333333334,2.4375,0.0,4.96969696969697
mean,18.924242424242426,0.5454545454545454,1.7333333333333334,2.4375,0.0,4.96969696969697
min,18.818181818181817,0.5454545454545454,1.7333333333333334,2.4375,0.0,4.96969696969697
std,1.6499158227686108,0.0,0.0,0.0,0.0,0.0
