,AGE,FEMALE,RACE,ZIPINC_QRTL,DIED,LOS
25%,41.666666666666664,1.0,1.3017241379310345,2.033333333333333,0.0,5.683333333333334
50%,42.13333333333333,1.0,1.3275862068965518,2.066666666666667,0.0,5.733333333333333
75%,42.6,1.0,1.3706896551724137,2.1,0.0,5.816666666666666
count,1.2,1.2,1.1333333333333333,1.2,1.2,1.2
max,43.06666666666667,1.0,1.4137931034482758,2.1333333333333333,0.0,5.9
mean,42.13333333333333,1.0,1.339080459770115,2.066666666666667,0.0,5.7555555555555555
min,41.2,1.0,1.2758620689655173,2.0,0.0,5.633333333333334
std,7.422539674441618,0.0,0.674667653187317,0.48284271247461896,0.0,0.9820186248424647
