,AGE,FEMALE,RACE,ZIPINC_QRTL,DIED,LOS
25%,15.671940928270041,0.2627118644067797,1.7169603524229076,2.498936170212766,0.0,3.310126582278481
50%,16.9789029535865,0.3326271186440678,1.8656387665198237,2.697872340425532,0.0,3.651898734177215
75%,19.030590717299578,0.4247881355932203,2.0363436123348015,2.8638297872340424,0.0,4.067510548523207
count,2.088607594936709,2.0843881856540083,1.9029535864978904,2.0632911392405062,2.088607594936709,2.088607594936709
max,21.852320675105485,0.5296610169491526,2.2202643171806167,3.0340425531914894,0.0,4.578059071729958
mean,17.586106088004826,0.35277441485068606,1.881424375917768,2.6790678824721375,0.0,3.7158679927667273
min,14.333333333333334,0.211864406779661,1.5594713656387664,2.3191489361702127,0.0,2.9535864978902953
std,7.608170723812243,0.33807277779635075,0.7463164755470236,0.737822083786976,0.0,1.6466222592684794
