,AGE,FEMALE,RACE,ZIPINC_QRTL,DIED,LOS
25%,43.25735294117647,0.5441176470588235,1.7734375,2.8161764705882355,0.0,5.352941176470588
50%,43.30882352941177,0.5588235294117647,1.796875,2.838235294117647,0.0,5.529411764705882
75%,43.36029411764706,0.5735294117647058,1.8203125,2.860294117647059,0.0,5.705882352941177
count,1.0588235294117647,1.0588235294117647,1.0,1.0588235294117647,1.0588235294117647,1.0588235294117647
max,43.411764705882355,0.5882352941176471,1.84375,2.8823529411764706,0.0,5.882352941176471
mean,43.30882352941177,0.5588235294117647,1.796875,2.838235294117647,0.0,5.529411764705882
min,43.205882352941174,0.5294117647058824,1.75,2.7941176470588234,0.0,5.176470588235294
std,2.4748737341529163,0.7071067811865476,1.0606601717798212,1.0606601717798214,0.0,8.48528137423857
