,AGE,FEMALE,RACE,ZIPINC_QRTL,DIED,LOS
25%,45.666666666666664,0.3333333333333333,1.6666666666666667,2.3333333333333335,0.0,4.0
50%,45.666666666666664,0.3333333333333333,1.6666666666666667,2.3333333333333335,0.0,4.0
75%,45.666666666666664,0.3333333333333333,1.6666666666666667,2.3333333333333335,0.0,4.0
count,1.0,1.0,1.0,1.0,1.0,1.0
max,45.666666666666664,0.3333333333333333,1.6666666666666667,2.3333333333333335,0.0,4.0
mean,45.666666666666664,0.3333333333333333,1.6666666666666667,2.3333333333333335,0.0,4.0
min,45.666666666666664,0.3333333333333333,1.6666666666666667,2.3333333333333335,0.0,4.0
std,,,,,,
