,AGE,FEMALE,RACE,ZIPINC_QRTL,DIED,LOS
25%,10.907857142857143,0.004285714285714286,1.0378571428571428,1.5992857142857142,0.0,3.0785714285714287
50%,25.78142857142857,0.24142857142857144,1.6571428571428573,2.414285714285714,0.0,3.9885714285714284
75%,47.69714285714286,0.9307142857142857,2.527142857142857,3.3064285714285715,0.0,5.872142857142857
count,27.748571428571427,27.74,26.605714285714285,27.34285714285714,27.74,27.751428571428573
max,72.36285714285714,1.0,5.222857142857142,3.974285714285714,0.08285714285714285,30.428571428571427
mean,30.053598017217112,0.42312419176247734,2.0194217392702516,2.4461974479301376,0.0036911400878849574,6.134892701425004
min,1.8257142857142856,0.0,1.0057142857142858,1.0171428571428571,0.0,1.002857142857143
std,22.76035127222229,0.49212011307934284,1.2758889017598087,1.061170365706045,0.01696488630082866,6.636286790751287
