,AGE,FEMALE,RACE,ZIPINC_QRTL,DIED,LOS
25%,51.42,0.32,1.7986111111111112,2.6180555555555554,0.0033333333333333335,4.69
50%,52.35333333333333,0.3466666666666667,1.8888888888888888,2.638888888888889,0.006666666666666667,4.806666666666667
75%,53.28666666666667,0.37333333333333335,1.9791666666666667,2.6597222222222223,0.01,4.926666666666667
count,1.28,1.28,1.24,1.2,1.28,1.28
max,54.21333333333333,0.4,2.0694444444444446,2.6805555555555554,0.013333333333333334,5.053333333333334
mean,52.35333333333333,0.3466666666666667,1.8888888888888888,2.638888888888889,0.006666666666666667,4.81
min,50.49333333333333,0.29333333333333333,1.7083333333333333,2.5972222222222223,0.0,4.573333333333333
std,10.376475549423676,0.2977291710259148,0.9676198058342229,0.26516504294495535,0.03721614637823935,1.3288809127120613
