,AGE,FEMALE,RACE,ZIPINC_QRTL,DIED,LOS
25%,33.778301886792455,0.49056603773584906,1.8489583333333333,2.5707547169811322,0.0,3.7122641509433962
50%,34.4622641509434,0.5094339622641509,1.8854166666666667,2.5943396226415096,0.0,3.7641509433962264
75%,34.89150943396226,0.5188679245283019,1.9114583333333333,2.6273584905660377,0.0,3.8160377358490565
count,1.169811320754717,1.169811320754717,1.0754716981132075,1.169811320754717,1.169811320754717,1.169811320754717
max,35.320754716981135,0.5283018867924528,1.9375,2.660377358490566,0.0,3.8679245283018866
mean,34.29245283018868,0.5031446540880503,1.8784722222222223,2.60062893081761,0.0,3.7641509433962264
min,33.094339622641506,0.4716981132075472,1.8125,2.547169811320755,0.0,3.660377358490566
std,10.832354972430549,0.28450911879467444,0.5212636536016555,0.5875548821603376,0.0,0.9674143491111603
