,AGE,FEMALE,RACE,ZIPINC_QRTL,DIED,LOS
25%,36.214285714285715,0.42857142857142855,1.8571428571428572,2.4285714285714284,0.0,5.142857142857143
50%,36.214285714285715,0.42857142857142855,1.8571428571428572,2.4285714285714284,0.0,5.142857142857143
75%,36.214285714285715,0.42857142857142855,1.8571428571428572,2.4285714285714284,0.0,5.142857142857143
count,1.0,1.0,1.0,1.0,1.0,1.0
max,36.214285714285715,0.42857142857142855,1.8571428571428572,2.4285714285714284,0.0,5.142857142857143
mean,36.214285714285715,0.42857142857142855,1.8571428571428572,2.4285714285714284,0.0,5.142857142857143
min,36.214285714285715,0.42857142857142855,1.8571428571428572,2.4285714285714284,0.0,5.142857142857143
std,,,,,,
