,AGE,FEMALE,RACE,ZIPINC_QRTL,DIED,LOS
25%,16.677419354838708,0.43951612903225806,1.9008620689655173,2.486842105263158,0.0,3.4919354838709675
50%,16.870967741935484,0.4435483870967742,1.9396551724137931,2.517543859649123,0.0,3.5806451612903225
75%,17.080645161290324,0.45564516129032256,1.9439655172413792,2.5482456140350878,0.0,3.6774193548387095
count,1.2419354838709677,1.2419354838709677,1.1774193548387097,1.1612903225806452,1.2419354838709677,1.2419354838709677
max,17.29032258064516,0.46774193548387094,1.9482758620689655,2.5789473684210527,0.0,3.774193548387097
mean,16.881720430107528,0.4489247311827957,1.9166666666666667,2.517543859649123,0.0,3.5860215053763445
min,16.483870967741936,0.43548387096774194,1.8620689655172413,2.456140350877193,0.0,3.403225806451613
std,2.9246521696111274,0.10703808753134779,0.2513756548287542,0.3692267850265121,0.0,1.3099571577433815
