,AGE,FEMALE,RACE,ZIPINC_QRTL,DIED,LOS
25%,30.0,0.2857142857142857,1.6666666666666667,2.6666666666666665,0.0,3.857142857142857
50%,30.0,0.2857142857142857,1.6666666666666667,2.6666666666666665,0.0,3.857142857142857
75%,30.0,0.2857142857142857,1.6666666666666667,2.6666666666666665,0.0,3.857142857142857
count,1.0,1.0,0.8571428571428571,0.8571428571428571,1.0,1.0
max,30.0,0.2857142857142857,1.6666666666666667,2.6666666666666665,0.0,3.857142857142857
mean,30.0,0.2857142857142857,1.6666666666666667,2.6666666666666665,0.0,3.857142857142857
min,30.0,0.2857142857142857,1.6666666666666667,2.6666666666666665,0.0,3.857142857142857
std,,,,,,
