,AGE,FEMALE,RACE,ZIPINC_QRTL,DIED,LOS
25%,27.208333333333332,0.625,1.7916666666666667,2.4782608695652173,0.0,3.1666666666666665
50%,27.208333333333332,0.625,1.7916666666666667,2.4782608695652173,0.0,3.1666666666666665
75%,27.208333333333332,0.625,1.7916666666666667,2.4782608695652173,0.0,3.1666666666666665
count,1.0,1.0,1.0,0.9583333333333334,1.0,1.0
max,27.208333333333332,0.625,1.7916666666666667,2.4782608695652173,0.0,3.1666666666666665
mean,27.208333333333332,0.625,1.7916666666666667,2.4782608695652173,0.0,3.1666666666666665
min,27.208333333333332,0.625,1.7916666666666667,2.4782608695652173,0.0,3.1666666666666665
std,,,,,,
