,AGE,FEMALE,RACE,ZIPINC_QRTL,DIED,LOS
25%,65.11111111111111,0.3333333333333333,1.6470588235294117,2.888888888888889,0.0,3.9444444444444446
50%,65.11111111111111,0.3333333333333333,1.6470588235294117,2.888888888888889,0.0,3.9444444444444446
75%,65.11111111111111,0.3333333333333333,1.6470588235294117,2.888888888888889,0.0,3.9444444444444446
count,1.0,1.0,0.9444444444444444,1.0,1.0,1.0
max,65.11111111111111,0.3333333333333333,1.6470588235294117,2.888888888888889,0.0,3.9444444444444446
mean,65.11111111111111,0.3333333333333333,1.6470588235294117,2.888888888888889,0.0,3.9444444444444446
min,65.11111111111111,0.3333333333333333,1.6470588235294117,2.888888888888889,0.0,3.9444444444444446
std,,,,,,
