,AGE,FEMALE,RACE,ZIPINC_QRTL,DIED,LOS
25%,38.54891304347826,0.4048913043478261,1.6420454545454546,2.3777173913043477,0.0,3.823369565217391
50%,39.58695652173913,0.42934782608695654,1.6818181818181819,2.4347826086956523,0.0,3.9239130434782608
75%,40.619565217391305,0.453804347826087,1.7215909090909092,2.4918478260869565,0.0,4.016304347826087
count,1.184782608695652,1.184782608695652,1.141304347826087,1.173913043478261,1.184782608695652,1.184782608695652
max,41.68478260869565,0.4782608695652174,1.7613636363636365,2.532608695652174,0.0,4.108695652173913
mean,39.58152173913044,0.42934782608695654,1.6818181818181819,2.4347826086956523,0.0,3.9157608695652173
min,37.46739130434783,0.3804347826086957,1.6022727272727273,2.3369565217391304,0.0,3.7065217391304346
std,18.01349992068712,0.42426406871192857,0.6599663291074445,0.8813323232405065,0.0,1.702775370689508
