,AGE,FEMALE,RACE,ZIPINC_QRTL,DIED,LOS
25%,60.333333333333336,0.6666666666666666,2.3333333333333335,1.6666666666666667,0.0,3.3333333333333335
50%,60.333333333333336,0.6666666666666666,2.3333333333333335,1.6666666666666667,0.0,3.3333333333333335
75%,60.333333333333336,0.6666666666666666,2.3333333333333335,1.6666666666666667,0.0,3.3333333333333335
count,1.0,1.0,1.0,1.0,1.0,1.0
max,60.333333333333336,0.6666666666666666,2.3333333333333335,1.6666666666666667,0.0,3.3333333333333335
mean,60.333333333333336,0.6666666666666666,2.3333333333333335,1.6666666666666667,0.0,3.3333333333333335
min,60.333333333333336,0.6666666666666666,2.3333333333333335,1.6666666666666667,0.0,3.3333333333333335
std,,,,,,
