,AGE,FEMALE,RACE,ZIPINC_QRTL,DIED,LOS
25%,8.5,0.5,1.6666666666666667,3.0,0.0,8.0
50%,8.5,0.5,1.6666666666666667,3.0,0.0,8.0
75%,8.5,0.5,1.6666666666666667,3.0,0.0,8.0
count,1.0,1.0,0.75,1.0,1.0,1.0
max,8.5,0.5,1.6666666666666667,3.0,0.0,8.0
mean,8.5,0.5,1.6666666666666667,3.0,0.0,8.0
min,8.5,0.5,1.6666666666666667,3.0,0.0,8.0
std,,,,,,
