,AGE,FEMALE,RACE,ZIPINC_QRTL,DIED,LOS
25%,21.22093023255814,0.2616279069767442,1.880952380952381,2.6569767441860463,0.0,3.372093023255814
50%,21.511627906976745,0.26744186046511625,1.880952380952381,2.686046511627907,0.0,3.4651162790697674
75%,21.8953488372093,0.27325581395348836,1.880952380952381,2.7151162790697674,0.0,3.546511627906977
count,1.302325581395349,1.302325581395349,1.2790697674418605,1.302325581395349,1.302325581395349,1.302325581395349
max,22.790697674418606,0.27906976744186046,1.880952380952381,2.744186046511628,0.0,3.6511627906976742
mean,21.671317829457365,0.2627906976744186,1.880952380952381,2.681395348837209,0.0,3.4527131782945735
min,20.906976744186046,0.23255813953488372,1.880952380952381,2.604651162790698,0.0,3.2325581395348837
std,5.54822898791504,0.12825781963183394,0.0,0.44252750015918835,0.0,1.2342501912112054
