,AGE,FEMALE,RACE,ZIPINC_QRTL,DIED,LOS
25%,22.21590909090909,0.42045454545454547,2.5657894736842106,2.869047619047619,0.0,3.409090909090909
50%,22.386363636363637,0.4318181818181818,2.6052631578947367,2.880952380952381,0.0,3.4545454545454546
75%,22.556818181818183,0.4431818181818182,2.6447368421052633,2.892857142857143,0.0,3.5
count,1.1363636363636365,1.1363636363636365,1.0,1.0909090909090908,1.1363636363636365,1.1363636363636365
max,22.727272727272727,0.45454545454545453,2.6842105263157894,2.9047619047619047,0.0,3.5454545454545454
mean,22.386363636363637,0.4318181818181818,2.6052631578947367,2.880952380952381,0.0,3.4545454545454546
min,22.045454545454547,0.4090909090909091,2.526315789473684,2.857142857142857,0.0,3.3636363636363638
std,3.5355339059327378,0.23570226039551587,0.7071067811865475,0.23570226039551587,0.0,0.9428090415820635
