,AGE,FEMALE,RACE,ZIPINC_QRTL,DIED,LOS
25%,28.513071895424837,0.0,1.697635135135135,2.2483660130718954,0.0016339869281045752,4.741830065359477
50%,29.53921568627451,0.0,1.7837837837837838,2.34640522875817,0.0032679738562091504,4.928104575163399
75%,30.55718954248366,0.0,1.8783783783783783,2.4607843137254903,0.004901960784313725,5.120915032679738
count,1.3856209150326797,1.3856209150326797,1.3398692810457515,1.3594771241830066,1.3856209150326797,1.3856209150326797
max,31.607843137254903,0.0,1.9662162162162162,2.5686274509803924,0.006535947712418301,5.313725490196078
mean,29.540849673202615,0.0,1.7888513513513513,2.3572984749455337,0.0032679738562091504,4.932461873638344
min,27.49673202614379,0.0,1.614864864864865,2.156862745098039,0.0,4.555555555555555
std,8.877141886146903,0.0,0.7546863236289659,0.9594680694720791,0.015044825131628671,1.653264885046172
