,AGE,FEMALE,RACE,ZIPINC_QRTL,DIED,LOS
25%,51.3125,0.5833333333333334,1.2291666666666667,2.4166666666666665,0.0,4.1875
50%,52.125,0.5833333333333334,1.2916666666666667,2.4166666666666665,0.0,4.208333333333333
75%,52.9375,0.5833333333333334,1.3541666666666667,2.4166666666666665,0.0,4.229166666666667
count,1.1666666666666667,1.1666666666666667,1.1666666666666667,1.1666666666666667,1.1666666666666667,1.1666666666666667
max,53.75,0.5833333333333334,1.4166666666666667,2.4166666666666665,0.0,4.25
mean,52.125,0.5833333333333334,1.2916666666666667,2.4166666666666665,0.0,4.208333333333333
min,50.5,0.5833333333333334,1.1666666666666667,2.4166666666666665,0.0,4.166666666666667
std,13.788582233137676,0.0,1.0606601717798212,0.0,0.0,0.3535533905932738
