,AGE,FEMALE,RACE,ZIPINC_QRTL,DIED,LOS
25%,40.3,0.3333333333333333,2.1,2.8,0.0,2.4
50%,40.3,0.3333333333333333,2.1,2.8,0.0,2.4
75%,40.3,0.3333333333333333,2.1,2.8,0.0,2.4
count,1.0,0.9,1.0,1.0,1.0,1.0
max,40.3,0.3333333333333333,2.1,2.8,0.0,2.4
mean,40.3,0.3333333333333333,2.1,2.8,0.0,2.4
min,40.3,0.3333333333333333,2.1,2.8,0.0,2.4
std,,,,,,
