,AGE,FEMALE,RACE,ZIPINC_QRTL,DIED,LOS
25%,61.857142857142854,0.2857142857142857,1.8333333333333333,2.7142857142857144,0.0,4.285714285714286
50%,61.857142857142854,0.2857142857142857,1.8333333333333333,2.7142857142857144,0.0,4.285714285714286
75%,61.857142857142854,0.2857142857142857,1.8333333333333333,2.7142857142857144,0.0,4.285714285714286
count,1.0,1.0,0.8571428571428571,1.0,1.0,1.0
max,61.857142857142854,0.2857142857142857,1.8333333333333333,2.7142857142857144,0.0,4.285714285714286
mean,61.857142857142854,0.2857142857142857,1.8333333333333333,2.7142857142857144,0.0,4.285714285714286
min,61.857142857142854,0.2857142857142857,1.8333333333333333,2.7142857142857144,0.0,4.285714285714286
std,,,,,,
