,AGE,FEMALE,RACE,ZIPINC_QRTL,DIED,LOS
25%,49.369565217391305,0.5217391304347826,1.5054347826086956,2.0444444444444443,0.0,4.038043478260869
50%,49.93478260869565,0.5434782608695652,1.5543478260869565,2.066666666666667,0.0,4.0978260869565215
75%,50.5,0.5652173913043478,1.6032608695652173,2.088888888888889,0.0,4.157608695652174
count,1.1304347826086956,1.1304347826086956,1.1304347826086956,1.108695652173913,1.1304347826086956,1.1304347826086956
max,51.06521739130435,0.5869565217391305,1.6521739130434783,2.111111111111111,0.0,4.217391304347826
mean,49.93478260869565,0.5434782608695652,1.5543478260869565,2.066666666666667,0.0,4.0978260869565215
min,48.80434782608695,0.5,1.4565217391304348,2.022222222222222,0.0,3.9782608695652173
std,12.256517540566824,0.47140452079103173,1.0606601717798212,0.47140452079103173,0.0,1.2963624321753373
