,AGE,FEMALE,RACE,ZIPINC_QRTL,DIED,LOS
25%,49.21052631578947,0.10526315789473684,1.368421052631579,2.263157894736842,0.0,3.8421052631578947
50%,49.21052631578947,0.10526315789473684,1.368421052631579,2.263157894736842,0.0,3.8421052631578947
75%,49.21052631578947,0.10526315789473684,1.368421052631579,2.263157894736842,0.0,3.8421052631578947
count,1.0,1.0,1.0,1.0,1.0,1.0
max,49.21052631578947,0.10526315789473684,1.368421052631579,2.263157894736842,0.0,3.8421052631578947
mean,49.21052631578947,0.10526315789473684,1.368421052631579,2.263157894736842,0.0,3.8421052631578947
min,49.21052631578947,0.10526315789473684,1.368421052631579,2.263157894736842,0.0,3.8421052631578947
std,,,,,,
