,AGE,FEMALE,RACE,ZIPINC_QRTL,DIED,LOS
25%,46.2421875,0.390625,1.8583333333333334,2.875,0.0,4.25
50%,46.859375,0.40625,1.8833333333333333,2.8833333333333333,0.0,4.28125
75%,47.8828125,0.421875,1.8916666666666666,2.8916666666666666,0.0,4.296875
count,1.125,1.125,1.0625,1.03125,1.125,1.125
max,48.90625,0.4375,1.9,2.9,0.0,4.3125
mean,47.130208333333336,0.40625,1.8722222222222222,2.8833333333333333,0.0,4.270833333333333
min,45.625,0.375,1.8333333333333333,2.8666666666666667,0.0,4.21875
std,23.62418090422251,0.47140452079103173,0.42815235012539105,0.3535533905932738,0.0,0.663854610520907
