,AGE,FEMALE,RACE,ZIPINC_QRTL,DIED,LOS
25%,58.19444444444444,0.3888888888888889,1.4444444444444444,2.5588235294117645,0.0,6.333333333333333
50%,58.833333333333336,0.3888888888888889,1.4444444444444444,2.588235294117647,0.0,6.333333333333333
75%,59.47222222222222,0.3888888888888889,1.4444444444444444,2.6176470588235294,0.0,6.333333333333333
count,1.0555555555555556,1.0555555555555556,1.0555555555555556,1.0,1.0555555555555556,1.0555555555555556
max,60.111111111111114,0.3888888888888889,1.4444444444444444,2.6470588235294117,0.0,6.333333333333333
mean,58.833333333333336,0.3888888888888889,1.4444444444444444,2.588235294117647,0.0,6.333333333333333
min,57.55555555555556,0.3888888888888889,1.4444444444444444,2.5294117647058822,0.0,6.333333333333333
std,32.526911934581186,0.0,0.0,1.4142135623730951,0.0,0.0
