,AGE,FEMALE,RACE,ZIPINC_QRTL,DIED,LOS
25%,12.864583333333334,0.2604166666666667,1.5729166666666667,2.34375,0.0,1.8541666666666667
50%,12.9375,0.2708333333333333,1.6041666666666667,2.3958333333333335,0.0,1.9166666666666667
75%,13.010416666666666,0.28125,1.6354166666666667,2.4479166666666665,0.0,1.9791666666666667
count,1.2083333333333333,1.2083333333333333,1.1666666666666667,1.1666666666666667,1.2083333333333333,1.2083333333333333
max,13.083333333333334,0.2916666666666667,1.6666666666666667,2.5,0.0,2.0416666666666665
mean,12.9375,0.2708333333333333,1.6041666666666667,2.3958333333333335,0.0,1.9166666666666667
min,12.791666666666666,0.25,1.5416666666666667,2.2916666666666665,0.0,1.7916666666666667
std,0.9899494936611666,0.1414213562373095,0.5303300858899107,0.8838834764831844,0.0,0.8485281374238571
