,AGE,FEMALE,RACE,ZIPINC_QRTL,DIED,LOS
25%,64.77777777777777,0.4444444444444444,2.2777777777777777,3.15625,0.1111111111111111,9.305555555555555
50%,65.33333333333333,0.4444444444444444,2.3333333333333335,3.1875,0.1111111111111111,10.055555555555555
75%,65.88888888888889,0.4444444444444444,2.388888888888889,3.21875,0.1111111111111111,10.805555555555555
count,1.1111111111111112,1.1111111111111112,1.1111111111111112,1.0,1.1111111111111112,1.1111111111111112
max,66.44444444444444,0.4444444444444444,2.4444444444444446,3.25,0.1111111111111111,11.555555555555555
mean,65.33333333333333,0.4444444444444444,2.3333333333333335,3.1875,0.1111111111111111,10.055555555555555
min,64.22222222222223,0.4444444444444444,2.2222222222222223,3.125,0.1111111111111111,8.555555555555555
std,14.142135623730951,0.0,1.4142135623730951,0.7071067811865476,0.0,19.091883092036785
