,AGE,FEMALE,RACE,ZIPINC_QRTL,DIED,LOS
25%,55.92307692307692,0.38461538461538464,2.1538461538461537,2.6923076923076925,0.0,2.0
50%,55.92307692307692,0.38461538461538464,2.1538461538461537,2.6923076923076925,0.0,2.0
75%,55.92307692307692,0.38461538461538464,2.1538461538461537,2.6923076923076925,0.0,2.0
count,1.0,1.0,1.0,1.0,1.0,1.0
max,55.92307692307692,0.38461538461538464,2.1538461538461537,2.6923076923076925,0.0,2.0
mean,55.92307692307692,0.38461538461538464,2.1538461538461537,2.6923076923076925,0.0,2.0
min,55.92307692307692,0.38461538461538464,2.1538461538461537,2.6923076923076925,0.0,2.0
std,,,,,,
