,AGE,FEMALE,RACE,ZIPINC_QRTL,DIED,LOS
25%,42.392857142857146,0.35714285714285715,1.5714285714285714,2.3035714285714284,0.0,4.553571428571429
50%,42.5,0.35714285714285715,1.5714285714285714,2.3214285714285716,0.0,4.607142857142857
75%,42.607142857142854,0.35714285714285715,1.5714285714285714,2.3392857142857144,0.0,4.660714285714286
count,1.0714285714285714,1.0714285714285714,1.0714285714285714,1.0714285714285714,1.0714285714285714,1.0714285714285714
max,42.714285714285715,0.35714285714285715,1.5714285714285714,2.357142857142857,0.0,4.714285714285714
mean,42.5,0.35714285714285715,1.5714285714285714,2.3214285714285716,0.0,4.607142857142857
min,42.285714285714285,0.35714285714285715,1.5714285714285714,2.2857142857142856,0.0,4.5
std,4.242640687119285,0.0,0.0,0.7071067811865476,0.0,2.1213203435596424
