,AGE,FEMALE,RACE,ZIPINC_QRTL,DIED,LOS
25%,44.09451219512195,0.4268292682926829,1.5284810126582278,2.447530864197531,0.0,7.759146341463414
50%,45.08536585365854,0.4451219512195122,1.5632911392405062,2.4876543209876543,0.0,8.0
75%,46.073170731707314,0.4603658536585366,1.5981012658227849,2.5246913580246915,0.0,8.387195121951219
count,1.170731707317073,1.170731707317073,1.0853658536585367,1.1585365853658536,1.170731707317073,1.170731707317073
max,46.890243902439025,0.47560975609756095,1.6329113924050633,2.567901234567901,0.0,8.71951219512195
mean,45.084349593495936,0.4420731707317073,1.5632911392405062,2.484567901234568,0.0,8.105691056910569
min,43.28048780487805,0.4024390243902439,1.4936708860759493,2.3950617283950617,0.0,7.621951219512195
std,17.207033472526142,0.366866718721158,0.7778174593052023,0.783842433626429,0.0,4.896658663084354
