,AGE,FEMALE,RACE,ZIPINC_QRTL,DIED,LOS
25%,55.30769230769231,0.46153846153846156,2.3076923076923075,2.6153846153846154,0.0,6.3076923076923075
50%,55.30769230769231,0.46153846153846156,2.3076923076923075,2.6153846153846154,0.0,6.3076923076923075
75%,55.30769230769231,0.46153846153846156,2.3076923076923075,2.6153846153846154,0.0,6.3076923076923075
count,1.0,1.0,1.0,1.0,1.0,1.0
max,55.30769230769231,0.46153846153846156,2.3076923076923075,2.6153846153846154,0.0,6.3076923076923075
mean,55.30769230769231,0.46153846153846156,2.3076923076923075,2.6153846153846154,0.0,6.3076923076923075
min,55.30769230769231,0.46153846153846156,2.3076923076923075,2.6153846153846154,0.0,6.3076923076923075
std,,,,,,
