,AGE,FEMALE,RACE,ZIPINC_QRTL,DIED,LOS
25%,27.402631578947368,0.25526315789473686,1.7387640449438202,2.2155172413793105,0.0,3.5894736842105264
50%,28.278947368421054,0.26842105263157895,1.7921348314606742,2.2758620689655173,0.0,3.7263157894736842
75%,29.355263157894736,0.28157894736842104,1.8567415730337078,2.324712643678161,0.0,3.8657894736842104
count,1.1789473684210525,1.1789473684210525,1.0842105263157895,1.0842105263157895,1.1789473684210525,1.1789473684210525
max,30.431578947368422,0.29473684210526313,1.9101123595505618,2.367816091954023,0.0,4.010526315789473
mean,28.412280701754383,0.26842105263157895,1.7996254681647939,2.268199233716475,0.0,3.72719298245614
min,26.526315789473685,0.24210526315789474,1.696629213483146,2.160919540229885,0.0,3.442105263157895
std,18.235123120746415,0.2525381361380527,1.1741820722324288,0.9491271173359301,0.0,2.5929877965868973
