,AGE,FEMALE,RACE,ZIPINC_QRTL,DIED,LOS
25%,61.419642857142854,0.5089285714285714,1.5648148148148149,2.990740740740741,0.0,4.303571428571429
50%,61.767857142857146,0.5178571428571429,1.6111111111111112,3.0185185185185186,0.0,4.321428571428571
75%,62.11607142857143,0.5267857142857143,1.6574074074074074,3.0462962962962963,0.0,4.339285714285714
count,1.0714285714285714,1.0714285714285714,1.0357142857142858,1.0357142857142858,1.0714285714285714,1.0714285714285714
max,62.464285714285715,0.5357142857142857,1.7037037037037037,3.074074074074074,0.0,4.357142857142857
mean,61.767857142857146,0.5178571428571429,1.6111111111111112,3.0185185185185186,0.0,4.321428571428571
min,61.07142857142857,0.5,1.5185185185185186,2.962962962962963,0.0,4.285714285714286
std,13.788582233137676,0.3535533905932738,1.7677669529663689,1.0606601717798214,0.0,0.7071067811865476
