,AGE,FEMALE,RACE,ZIPINC_QRTL,DIED,LOS
25%,39.838235294117645,0.23529411764705882,1.6875,2.3529411764705883,0.0,3.8676470588235294
50%,40.14705882352941,0.23529411764705882,1.75,2.411764705882353,0.0,4.029411764705882
75%,40.455882352941174,0.23529411764705882,1.8125,2.4705882352941178,0.0,4.1911764705882355
count,1.1176470588235294,1.1176470588235294,1.0588235294117647,1.1176470588235294,1.1176470588235294,1.1176470588235294
max,40.76470588235294,0.23529411764705882,1.875,2.5294117647058822,0.0,4.352941176470588
mean,40.14705882352941,0.23529411764705882,1.75,2.411764705882353,0.0,4.029411764705882
min,39.529411764705884,0.23529411764705882,1.625,2.2941176470588234,0.0,3.7058823529411766
std,7.424621202458749,0.0,1.4142135623730951,1.4142135623730951,0.0,3.8890872965260117
