,AGE,FEMALE,RACE,ZIPINC_QRTL,DIED,LOS
25%,40.82142857142857,0.5,1.8076923076923077,2.111111111111111,0.0,13.464285714285714
50%,40.82142857142857,0.5,1.8461538461538463,2.111111111111111,0.0,13.464285714285714
75%,40.82142857142857,0.5,1.8846153846153846,2.111111111111111,0.0,13.464285714285714
count,1.0357142857142858,1.0357142857142858,0.9642857142857143,1.0,1.0357142857142858,1.0357142857142858
max,40.82142857142857,0.5,1.9230769230769231,2.111111111111111,0.0,13.464285714285714
mean,40.82142857142857,0.5,1.8461538461538463,2.111111111111111,0.0,13.464285714285714
min,40.82142857142857,0.5,1.7692307692307692,2.111111111111111,0.0,13.464285714285714
std,0.0,0.0,2.8284271247461903,0.0,0.0,0.0
