,AGE,FEMALE,RACE,ZIPINC_QRTL,DIED,LOS
25%,25.20967741935484,0.4369918699186992,1.5769230769230769,2.4520833333333334,0.0,4.655241935483871
50%,26.237903225806452,0.46747967479674796,1.6367521367521367,2.533333333333333,0.0,4.80241935483871
75%,27.3125,0.491869918699187,1.705128205128205,2.589583333333333,0.0,5.0
count,1.3064516129032258,1.2983870967741935,1.217741935483871,1.2580645161290323,1.3064516129032258,1.3064516129032258
max,28.362903225806452,0.5284552845528455,1.7863247863247864,2.6333333333333333,0.0,5.201612903225806
mean,26.243951612903224,0.4654471544715447,1.6438746438746439,2.5166666666666666,0.0,4.836693548387097
min,24.056451612903224,0.4065040650406504,1.5128205128205128,2.3833333333333333,0.0,4.508064516129032
std,12.273327264194084,0.3457962523797764,0.8715959014297702,0.7255544361880617,0.0,2.033943617205507
