,AGE,FEMALE,RACE,ZIPINC_QRTL,DIED,LOS
25%,52.36363636363637,0.5454545454545454,1.4545454545454546,2.6363636363636362,0.0,3.5454545454545454
50%,52.36363636363637,0.5454545454545454,1.4545454545454546,2.6363636363636362,0.0,3.5454545454545454
75%,52.36363636363637,0.5454545454545454,1.4545454545454546,2.6363636363636362,0.0,3.5454545454545454
count,1.0,1.0,1.0,1.0,1.0,1.0
max,52.36363636363637,0.5454545454545454,1.4545454545454546,2.6363636363636362,0.0,3.5454545454545454
mean,52.36363636363637,0.5454545454545454,1.4545454545454546,2.6363636363636362,0.0,3.5454545454545454
min,52.36363636363637,0.5454545454545454,1.4545454545454546,2.6363636363636362,0.0,3.5454545454545454
std,,,,,,
