,AGE,FEMALE,RACE,ZIPINC_QRTL,DIED,LOS
25%,39.429245283018865,0.16037735849056603,1.5,2.2216981132075473,0.0,4.6415094339622645
50%,40.04716981132076,0.16981132075471697,1.5384615384615385,2.2735849056603774,0.0,4.679245283018868
75%,40.551886792452834,0.1792452830188679,1.5961538461538463,2.3160377358490565,0.0,4.716981132075472
count,1.2075471698113207,1.2075471698113207,1.1886792452830188,1.2075471698113207,1.2075471698113207,1.2075471698113207
max,41.056603773584904,0.18867924528301888,1.6538461538461537,2.358490566037736,0.0,4.754716981132075
mean,39.971698113207545,0.16981132075471697,1.5512820512820513,2.267295597484277,0.0,4.679245283018868
min,38.81132075471698,0.1509433962264151,1.4615384615384615,2.169811320754717,0.0,4.60377358490566
std,8.205646170049414,0.1414213562373095,0.6811554787871632,0.6941311299868553,0.0,0.565685424949238
