,AGE,FEMALE,RACE,ZIPINC_QRTL,DIED,LOS
25%,56.36436950146628,0.1693548387096774,1.1889705882352941,2.0919117647058822,0.002932551319648094,4.892228739002933
50%,60.8900293255132,0.36363636363636365,1.4044117647058822,2.5911764705882354,0.002932551319648094,7.05425219941349
75%,65.47653958944281,0.6546920821114369,1.8580882352941177,3.0647058823529414,0.008064516129032258,10.285190615835777
count,4.835777126099707,4.832844574780059,4.709677419354839,4.762463343108505,4.829912023460411,4.835777126099707
max,70.97067448680352,0.8533724340175953,2.8176470588235296,3.5294117647058822,0.04398826979472141,15.457478005865102
mean,60.84175867114887,0.42236955347184774,1.6459585973426802,2.572589285954338,0.010741156855526358,8.034794559703997
min,50.3108504398827,0.08211143695014662,1.0735294117647058,1.5705882352941176,0.002932551319648094,3.0469208211143695
std,9.47365717236236,0.44697800369254137,0.8924618144687444,0.9793437611919457,0.019072032502004014,6.088788222362025
