,AGE,FEMALE,RACE,ZIPINC_QRTL,DIED,LOS
25%,6.051136363636363,0.32386363636363635,2.552325581395349,2.2976190476190474,0.0,4.9147727272727275
50%,6.079545454545454,0.32954545454545453,2.5930232558139537,2.3095238095238093,0.0,4.943181818181818
75%,6.107954545454546,0.3352272727272727,2.633720930232558,2.3214285714285716,0.0,4.971590909090909
count,1.0909090909090908,1.0909090909090908,1.0681818181818181,1.0227272727272727,1.0909090909090908,1.0909090909090908
max,6.136363636363637,0.3409090909090909,2.6744186046511627,2.3333333333333335,0.0,5.0
mean,6.079545454545454,0.32954545454545453,2.5930232558139537,2.3095238095238093,0.0,4.943181818181818
min,6.0227272727272725,0.3181818181818182,2.511627906976744,2.2857142857142856,0.0,4.886363636363637
std,0.8838834764831844,0.1767766952966369,1.2374368670764582,0.47140452079103173,0.0,0.8838834764831844
