,AGE,FEMALE,RACE,ZIPINC_QRTL,DIED,LOS
25%,4.0,0.46153846153846156,2.6923076923076925,2.4615384615384617,0.0,4.769230769230769
50%,4.0,0.46153846153846156,2.6923076923076925,2.4615384615384617,0.0,4.769230769230769
75%,4.0,0.46153846153846156,2.6923076923076925,2.4615384615384617,0.0,4.769230769230769
count,1.0,1.0,1.0,1.0,1.0,1.0
max,4.0,0.46153846153846156,2.6923076923076925,2.4615384615384617,0.0,4.769230769230769
mean,4.0,0.46153846153846156,2.6923076923076925,2.4615384615384617,0.0,4.769230769230769
min,4.0,0.46153846153846156,2.6923076923076925,2.4615384615384617,0.0,4.769230769230769
std,,,,,,
