,AGE,FEMALE,RACE,ZIPINC_QRTL,DIED,LOS
25%,38.05882352941177,0.5882352941176471,1.7647058823529411,2.764705882352941,0.0,2.8823529411764706
50%,38.05882352941177,0.5882352941176471,1.7647058823529411,2.764705882352941,0.0,2.8823529411764706
75%,38.05882352941177,0.5882352941176471,1.7647058823529411,2.764705882352941,0.0,2.8823529411764706
count,1.0,1.0,1.0,1.0,1.0,1.0
max,38.05882352941177,0.5882352941176471,1.7647058823529411,2.764705882352941,0.0,2.8823529411764706
mean,38.05882352941177,0.5882352941176471,1.7647058823529411,2.764705882352941,0.0,2.8823529411764706
min,38.05882352941177,0.5882352941176471,1.7647058823529411,2.764705882352941,0.0,2.8823529411764706
std,,,,,,
