,AGE,FEMALE,RACE,ZIPINC_QRTL,DIED,LOS
25%,66.68,0.4,1.5260416666666667,2.663265306122449,0.0,3.745
50%,66.88,0.4,1.53125,2.673469387755102,0.0,3.77
75%,67.08,0.4,1.5364583333333333,2.683673469387755,0.0,3.795
count,1.06,1.06,1.0,1.04,1.06,1.06
max,67.28,0.4,1.5416666666666667,2.693877551020408,0.0,3.82
mean,66.88,0.4,1.53125,2.673469387755102,0.0,3.77
min,66.48,0.4,1.5208333333333333,2.6530612244897958,0.0,3.72
std,9.428090415820634,0.0,0.3535533905932738,0.47140452079103173,0.0,1.1785113019775793
