,AGE,FEMALE,RACE,ZIPINC_QRTL,DIED,LOS
25%,19.692307692307693,0.38461538461538464,1.6923076923076923,2.3333333333333335,0.0,2.1538461538461537
50%,19.692307692307693,0.38461538461538464,1.6923076923076923,2.3333333333333335,0.0,2.1538461538461537
75%,19.692307692307693,0.38461538461538464,1.6923076923076923,2.3333333333333335,0.0,2.1538461538461537
count,1.0769230769230769,1.0769230769230769,1.0769230769230769,1.0,1.0769230769230769,1.0769230769230769
max,19.692307692307693,0.38461538461538464,1.6923076923076923,2.3333333333333335,0.0,2.1538461538461537
mean,19.692307692307693,0.38461538461538464,1.6923076923076923,2.3333333333333335,0.0,2.1538461538461537
min,19.692307692307693,0.38461538461538464,1.6923076923076923,2.3333333333333335,0.0,2.1538461538461537
std,0.0,0.0,0.0,0.0,0.0,0.0
