,AGE,FEMALE,RACE,ZIPINC_QRTL,DIED,LOS
25%,43.701166180758015,0.21064139941690962,1.2001466275659824,2.0342565597667637,0.002186588921282799,10.39868804664723
50%,54.12244897959184,0.45481049562682213,1.4266862170087977,2.4941690962099123,0.004373177842565598,16.424198250728864
75%,61.59037900874635,0.7215743440233237,2.027859237536657,3.000728862973761,0.02696793002915452,25.16545189504373
count,4.932944606413995,4.932944606413995,4.778425655976676,4.82798833819242,4.932944606413995,4.932944606413995
max,68.65889212827989,0.9008746355685131,3.026392961876833,3.457725947521866,0.18075801749271136,40.06122448979592
mean,51.6419903862704,0.4740057164001897,1.7300480028422143,2.4980826156470948,0.035836521965942676,19.313586629564576
min,29.300291545189506,0.09037900874635568,1.1085043988269794,1.4839650145772594,0.0,6.48396501457726
std,18.313425597330927,0.4670667974524893,0.9739727812368749,0.9819768254785277,0.08353938741608184,15.742807179684817
