,AGE,FEMALE,RACE,ZIPINC_QRTL,DIED,LOS
25%,30.526381909547737,0.11934673366834171,1.6423076923076922,2.3261421319796955,0.001256281407035176,5.71608040201005
50%,33.017587939698494,0.1407035175879397,1.7538461538461538,2.446700507614213,0.002512562814070352,6.047738693467337
75%,35.53391959798995,0.18467336683417085,1.908974358974359,2.5926395939086295,0.0037688442211055275,6.5540201005025125
count,1.5226130653266332,1.5226130653266332,1.4924623115577889,1.5025125628140703,1.5226130653266332,1.5226130653266332
max,38.05527638190955,0.22613065326633167,2.071794871794872,2.7411167512690353,0.005025125628140704,7.060301507537688
mean,33.03668341708543,0.15577889447236182,1.7846153846153847,2.4651438240270727,0.002512562814070352,6.16356783919598
min,28.040201005025125,0.10050251256281408,1.5333333333333334,2.2081218274111674,0.0,5.381909547738694
std,16.311474376922245,0.2127286286973308,0.9036151635950478,0.8618086724890347,0.009183204950474644,2.7310408607469796
