,AGE,FEMALE,RACE,ZIPINC_QRTL,DIED,LOS
25%,61.34,0.145,1.2578125,2.5255102040816326,0.03,9.6
50%,61.67,0.15,1.2760416666666667,2.561224489795918,0.03,9.72
75%,62.0,0.155,1.2942708333333333,2.5969387755102042,0.03,9.84
count,1.12,1.12,1.07,1.09,1.12,1.12
max,62.33,0.16,1.3125,2.63265306122449,0.03,9.96
mean,61.67,0.15,1.2760416666666667,2.561224489795918,0.03,9.72
min,61.01,0.14,1.2395833333333333,2.489795918367347,0.03,9.48
std,7.7781745930520225,0.11785113019775793,0.4499770425732575,0.899954085146515,0.0,2.82842712474619
