,AGE,FEMALE,RACE,ZIPINC_QRTL,DIED,LOS
25%,19.867990654205606,0.4077102803738318,1.7463414634146341,2.3797619047619047,0.0,3.6436915887850465
50%,21.83177570093458,0.4766355140186916,1.8390243902439025,2.5166666666666666,0.0,3.967289719626168
75%,24.501168224299064,0.5514018691588785,1.9926829268292683,2.6678571428571427,0.002336448598130841,4.404205607476635
count,1.7242990654205608,1.7242990654205608,1.5981308411214954,1.658878504672897,1.7242990654205608,1.7242990654205608
max,27.649532710280372,0.616822429906542,2.1658536585365855,2.8190476190476192,0.004672897196261682,4.906542056074766
mean,22.38965287049399,0.48027369826435246,1.8831126596980257,2.5283673469387757,0.001557632398753894,4.054951045838896
min,17.925233644859812,0.34579439252336447,1.6585365853658536,2.2523809523809524,0.0,3.3271028037383177
std,12.638710588479208,0.37943460529482526,0.724831186574975,0.8066968065102228,0.006014065304058603,2.1069026831128475
