,AGE,FEMALE,RACE,ZIPINC_QRTL,DIED,LOS
25%,64.01051779935275,0.1755663430420712,1.2712418300653594,2.3973941368078178,0.0016181229773462784,2.8114886731391584
50%,67.40776699029126,0.2766990291262136,1.357843137254902,2.726384364820847,0.003236245954692557,3.469255663430421
75%,70.69822006472492,0.4716828478964401,1.602124183006536,3.042345276872964,0.0056634304207119745,4.600323624595469
count,3.174757281553398,3.174757281553398,3.087378640776699,3.100323624595469,3.174757281553398,3.174757281553398
max,74.04854368932038,0.6634304207119741,2.111111111111111,3.3061889250814334,0.022653721682847898,6.546925566343042
mean,67.19606256742179,0.3387362996586298,1.5023175263371342,2.6949476148173215,0.005960086299892126,3.916503219901278
min,59.579288025889966,0.11003236245954692,1.2058823529411764,1.993485342019544,0.0,2.1812297734627832
std,9.03678146113812,0.4016456627561409,0.6160347132608186,0.8787763285563646,0.014154142407189416,2.856626431585085
