,AGE,FEMALE,RACE,ZIPINC_QRTL,DIED,LOS
25%,59.22476340694006,0.24290220820189273,1.2665615141955835,2.2816455696202533,0.0,4.079652996845426
50%,63.74290220820189,0.43375394321766564,1.473186119873817,2.7072784810126582,0.0,4.5678233438485805
75%,67.75236593059937,0.6474763406940063,1.832807570977918,3.0775316455696204,0.002365930599369085,5.434542586750789
count,3.8958990536277605,3.8958990536277605,3.779179810725552,3.8454258675078865,3.8958990536277605,3.8958990536277605
max,72.23659305993691,0.7981072555205048,2.5678233438485805,3.4367088607594938,0.012618296529968454,7.378548895899054
mean,63.21400171857585,0.4521575865424446,1.6484121206518683,2.663221913459255,0.0029968454258675076,4.934612294470338
min,52.72870662460568,0.12618296529968454,1.1577287066246056,1.7974683544303798,0.0,3.454258675078864
std,10.520519121748812,0.43756738733906847,0.8417259412925522,0.9612634160275658,0.007185175297968203,2.064923180663294
