,AGE,FEMALE,RACE,ZIPINC_QRTL,DIED,LOS
25%,36.470588235294116,0.4117647058823529,1.9375,2.25,0.0,3.823529411764706
50%,36.470588235294116,0.4117647058823529,1.9375,2.25,0.0,3.823529411764706
75%,36.470588235294116,0.4117647058823529,1.9375,2.25,0.0,3.823529411764706
count,1.0,1.0,0.9411764705882353,0.9411764705882353,1.0,1.0
max,36.470588235294116,0.4117647058823529,1.9375,2.25,0.0,3.823529411764706
mean,36.470588235294116,0.4117647058823529,1.9375,2.25,0.0,3.823529411764706
min,36.470588235294116,0.4117647058823529,1.9375,2.25,0.0,3.823529411764706
std,,,,,,
