,AGE,FEMALE,RACE,ZIPINC_QRTL,DIED,LOS
25%,42.57142857142857,0.42857142857142855,1.0,2.5714285714285716,0.0,2.2857142857142856
50%,42.57142857142857,0.42857142857142855,1.0,2.5714285714285716,0.0,2.2857142857142856
75%,42.57142857142857,0.42857142857142855,1.0,2.5714285714285716,0.0,2.2857142857142856
count,1.0,1.0,0.8571428571428571,1.0,1.0,1.0
max,42.57142857142857,0.42857142857142855,1.0,2.5714285714285716,0.0,2.2857142857142856
mean,42.57142857142857,0.42857142857142855,1.0,2.5714285714285716,0.0,2.2857142857142856
min,42.57142857142857,0.42857142857142855,1.0,2.5714285714285716,0.0,2.2857142857142856
std,,,,,,
