,AGE,FEMALE,RACE,ZIPINC_QRTL,DIED,LOS
25%,49.5,0.25,2.3333333333333335,3.0,0.0,2.5
50%,49.5,0.25,2.3333333333333335,3.0,0.0,2.5
75%,49.5,0.25,2.3333333333333335,3.0,0.0,2.5
count,1.0,1.0,0.75,1.0,1.0,1.0
max,49.5,0.25,2.3333333333333335,3.0,0.0,2.5
mean,49.5,0.25,2.3333333333333335,3.0,0.0,2.5
min,49.5,0.25,2.3333333333333335,3.0,0.0,2.5
std,,,,,,
