,AGE,FEMALE,RACE,ZIPINC_QRTL,DIED,LOS
25%,60.36538461538461,0.4230769230769231,1.48,2.6538461538461537,0.0,4.913461538461538
50%,60.5,0.4230769230769231,1.48,2.6538461538461537,0.0,4.9423076923076925
75%,60.63461538461539,0.4230769230769231,1.48,2.6538461538461537,0.0,4.971153846153846
count,1.0384615384615385,1.0384615384615385,1.0,1.0384615384615385,1.0384615384615385,1.0384615384615385
max,60.76923076923077,0.4230769230769231,1.48,2.6538461538461537,0.0,5.0
mean,60.5,0.4230769230769231,1.48,2.6538461538461537,0.0,4.9423076923076925
min,60.23076923076923,0.4230769230769231,1.48,2.6538461538461537,0.0,4.884615384615385
std,9.899494936611665,0.0,0.0,0.0,0.0,2.1213203435596424
