,AGE,FEMALE,RACE,ZIPINC_QRTL,DIED,LOS
25%,21.866666666666667,0.4119047619047619,1.6219211822660098,2.281400966183575,0.0,3.1464285714285714
50%,23.223809523809525,0.4880952380952381,1.7167487684729064,2.420289855072464,0.0,3.3833333333333333
75%,24.89404761904762,0.5464285714285714,1.8300492610837438,2.572463768115942,0.0,3.8190476190476192
count,1.6095238095238096,1.6095238095238096,1.542857142857143,1.5714285714285714,1.6095238095238096,1.6095238095238096
max,26.70952380952381,0.6047619047619047,1.9458128078817734,2.7198067632850242,0.0,4.314285714285714
mean,23.44611111111111,0.478015873015873,1.727832512315271,2.4293880837359096,0.0,3.5267460317460317
min,20.457142857142856,0.34285714285714286,1.522167487684729,2.1497584541062804,0.0,2.9047619047619047
std,9.000891667491022,0.3919416094647601,0.6565473978033092,0.8555526711597176,0.0,2.0480077788789424
