,AGE,FEMALE,RACE,ZIPINC_QRTL,DIED,LOS
25%,62.854166666666664,0.5,2.25,2.25,0.0,4.729166666666667
50%,62.875,0.5,2.25,2.25,0.0,5.208333333333333
75%,62.895833333333336,0.5,2.25,2.25,0.0,5.6875
count,1.0833333333333333,1.0833333333333333,1.0833333333333333,1.0833333333333333,1.0833333333333333,1.0833333333333333
max,62.916666666666664,0.5,2.25,2.25,0.0,6.166666666666667
mean,62.875,0.5,2.25,2.25,0.0,5.208333333333333
min,62.833333333333336,0.5,2.25,2.25,0.0,4.25
std,0.7071067811865476,0.0,0.0,0.0,0.0,16.263455967290593
