,AGE,FEMALE,RACE,ZIPINC_QRTL,DIED,LOS
25%,57.333333333333336,0.5,1.0,2.3333333333333335,0.0,6.833333333333333
50%,57.333333333333336,0.5,1.0,2.3333333333333335,0.0,6.833333333333333
75%,57.333333333333336,0.5,1.0,2.3333333333333335,0.0,6.833333333333333
count,1.0,1.0,1.0,1.0,1.0,1.0
max,57.333333333333336,0.5,1.0,2.3333333333333335,0.0,6.833333333333333
mean,57.333333333333336,0.5,1.0,2.3333333333333335,0.0,6.833333333333333
min,57.333333333333336,0.5,1.0,2.3333333333333335,0.0,6.833333333333333
std,,,,,,
