,AGE,FEMALE,RACE,ZIPINC_QRTL,DIED,LOS
25%,61.130434782608695,0.13043478260869565,1.69375,2.283333333333333,0.0,3.614130434782609
50%,61.45652173913044,0.13043478260869565,1.7125,2.3,0.0,3.6630434782608696
75%,61.78260869565217,0.13043478260869565,1.73125,2.316666666666667,0.0,3.7119565217391304
count,1.065217391304348,1.065217391304348,0.9130434782608695,1.0434782608695652,1.065217391304348,1.065217391304348
max,62.108695652173914,0.13043478260869565,1.75,2.3333333333333335,0.0,3.760869565217391
mean,61.45652173913044,0.13043478260869565,1.7125,2.3,0.0,3.6630434782608696
min,60.80434782608695,0.13043478260869565,1.675,2.2666666666666666,0.0,3.5652173913043477
std,14.142135623730951,0.0,1.0606601717798214,0.7071067811865476,0.0,2.1213203435596424
