,AGE,FEMALE,RACE,ZIPINC_QRTL,DIED,LOS
25%,42.38461538461539,0.3076923076923077,2.0,2.75,0.0,3.5384615384615383
50%,42.38461538461539,0.3076923076923077,2.0,2.75,0.0,3.5384615384615383
75%,42.38461538461539,0.3076923076923077,2.0,2.75,0.0,3.5384615384615383
count,1.0,1.0,1.0,0.9230769230769231,1.0,1.0
max,42.38461538461539,0.3076923076923077,2.0,2.75,0.0,3.5384615384615383
mean,42.38461538461539,0.3076923076923077,2.0,2.75,0.0,3.5384615384615383
min,42.38461538461539,0.3076923076923077,2.0,2.75,0.0,3.5384615384615383
std,,,,,,
