,AGE,FEMALE,RACE,ZIPINC_QRTL,DIED,LOS
25%,41.90785714285714,0.017142857142857144,1.0085714285714287,1.6664285714285714,0.0,4.988571428571428
50%,57.222857142857144,0.30428571428571427,1.1557142857142857,2.4714285714285715,0.0,7.9557142857142855
75%,66.40714285714286,0.9457142857142857,1.937857142857143,3.287857142857143,0.0,20.99142857142857
count,19.911428571428573,19.897142857142857,19.16857142857143,19.562857142857144,19.908571428571427,19.911428571428573
max,79.23714285714286,1.0,4.517142857142857,3.9485714285714284,0.3914285714285714,50.61714285714286
mean,52.3587468587242,0.4520094462676423,1.680086646895574,2.4825668433815884,0.02589577642810273,14.438961110711425
min,9.074285714285715,0.002857142857142857,1.0,1.0285714285714285,0.0,2.6514285714285712
std,20.19530177630417,0.49469543633697527,1.1092596124535454,1.0497378669804374,0.09679382545403742,14.0136329297005
