,AGE,FEMALE,RACE,ZIPINC_QRTL,DIED,LOS
25%,1.726923076923077,0.4461538461538462,2.2056451612903225,2.076923076923077,0.0,1.853846153846154
50%,1.8923076923076922,0.46153846153846156,2.274193548387097,2.1076923076923078,0.0,1.876923076923077
75%,2.0576923076923075,0.47692307692307695,2.342741935483871,2.1384615384615384,0.0,1.9
count,1.2307692307692308,1.2307692307692308,1.1846153846153846,1.2307692307692308,1.2307692307692308,1.2307692307692308
max,2.2153846153846155,0.49230769230769234,2.403225806451613,2.169230769230769,0.0,1.9230769230769231
mean,1.8923076923076922,0.46153846153846156,2.274193548387097,2.1076923076923078,0.0,1.876923076923077
min,1.5692307692307692,0.4307692307692308,2.1451612903225805,2.046153846153846,0.0,1.8307692307692307
std,2.2745175613721598,0.21757131728816848,0.8603039989990646,0.43514263457633695,0.0,0.32635697593225266
