,AGE,FEMALE,RACE,ZIPINC_QRTL,DIED,LOS
25%,62.333333333333336,0.2,1.5333333333333334,2.3666666666666667,0.0,5.8
50%,62.333333333333336,0.2,1.5333333333333334,2.3666666666666667,0.0,5.8
75%,62.333333333333336,0.2,1.5333333333333334,2.3666666666666667,0.0,5.8
count,1.0333333333333334,1.0333333333333334,1.0333333333333334,1.0333333333333334,1.0333333333333334,1.0333333333333334
max,62.333333333333336,0.2,1.5333333333333334,2.3666666666666667,0.0,5.8
mean,62.333333333333336,0.2,1.5333333333333334,2.3666666666666667,0.0,5.8
min,62.333333333333336,0.2,1.5333333333333334,2.3666666666666667,0.0,5.8
std,0.0,0.0,0.0,0.0,0.0,0.0
