,AGE,FEMALE,RACE,ZIPINC_QRTL,DIED,LOS
25%,16.555,0.37,2.0319148936170213,2.3297872340425534,0.0,3.52
50%,17.59,0.4,2.0851063829787235,2.425531914893617,0.0,3.62
75%,18.555,0.455,2.1595744680851063,2.5531914893617023,0.0,3.74
count,1.36,1.36,1.28,1.3,1.36,1.36
max,19.5,0.52,2.234042553191489,2.702127659574468,0.0,3.86
mean,17.543333333333333,0.41833333333333333,2.099290780141844,2.4503546099290783,0.0,3.6333333333333333
min,15.54,0.34,1.9787234042553192,2.234042553191489,0.0,3.42
std,9.229198433099628,0.4212386589641812,0.6327514115572868,1.0334577883831437,0.0,1.092631154436443
