,AGE,FEMALE,RACE,ZIPINC_QRTL,DIED,LOS
25%,57.333333333333336,0.6666666666666666,1.6666666666666667,2.5555555555555554,0.0,3.7777777777777777
50%,57.333333333333336,0.6666666666666666,1.6666666666666667,2.5555555555555554,0.0,3.7777777777777777
75%,57.333333333333336,0.6666666666666666,1.6666666666666667,2.5555555555555554,0.0,3.7777777777777777
count,1.0,1.0,1.0,1.0,1.0,1.0
max,57.333333333333336,0.6666666666666666,1.6666666666666667,2.5555555555555554,0.0,3.7777777777777777
mean,57.333333333333336,0.6666666666666666,1.6666666666666667,2.5555555555555554,0.0,3.7777777777777777
min,57.333333333333336,0.6666666666666666,1.6666666666666667,2.5555555555555554,0.0,3.7777777777777777
std,,,,,,
