,AGE,FEMALE,RACE,ZIPINC_QRTL,DIED,LOS
25%,16.23069105691057,0.3678861788617886,1.68125,2.3831967213114753,0.0,2.9796747967479673
50%,17.764227642276424,0.44308943089430897,1.79375,2.581967213114754,0.0,3.347560975609756
75%,20.073170731707318,0.5254065040650406,1.9947916666666667,2.75,0.0,3.6798780487804876
count,1.991869918699187,1.991869918699187,1.853658536585366,1.951219512195122,1.991869918699187,1.991869918699187
max,22.609756097560975,0.6138211382113821,2.2,2.9344262295081966,0.0,3.975609756097561
mean,18.273625629113432,0.4487708091366628,1.8548908730158729,2.5693891491022636,0.0,3.316937669376694
min,14.560975609756097,0.2926829268292683,1.5833333333333333,2.192622950819672,0.0,2.6178861788617884
std,8.726578787855244,0.36849299425652293,0.7376641463240587,0.8529969372884355,0.0,1.4825538981343982
