,AGE,FEMALE,RACE,ZIPINC_QRTL,DIED,LOS
25%,25.647142857142857,0.0,1.7916666666666667,2.189306358381503,0.0,4.198571428571428
50%,27.014285714285716,0.0,1.9226190476190477,2.2745664739884393,0.0,4.4
75%,28.66857142857143,0.0,2.0535714285714284,2.397398843930636,0.0,4.611428571428571
count,1.4914285714285713,1.4914285714285713,1.4,1.4742857142857142,1.4857142857142858,1.4914285714285713
max,30.291428571428572,0.0,2.2023809523809526,2.5260115606936417,0.0,4.822857142857143
mean,27.201809523809523,0.0,1.9236111111111112,2.3007707129094412,0.0,4.404857142857143
min,24.337142857142858,0.0,1.6488095238095237,2.1040462427745665,0.0,3.9885714285714284
std,10.106175907576828,0.0,1.0161905544960312,0.7236131971833196,0.0,1.4232561948817617
