,AGE,FEMALE,RACE,ZIPINC_QRTL,DIED,LOS
25%,57.0,0.6666666666666666,2.3333333333333335,3.0,0.0,8.0
50%,57.0,0.6666666666666666,2.3333333333333335,3.0,0.0,8.0
75%,57.0,0.6666666666666666,2.3333333333333335,3.0,0.0,8.0
count,1.0,1.0,1.0,1.0,1.0,1.0
max,57.0,0.6666666666666666,2.3333333333333335,3.0,0.0,8.0
mean,57.0,0.6666666666666666,2.3333333333333335,3.0,0.0,8.0
min,57.0,0.6666666666666666,2.3333333333333335,3.0,0.0,8.0
std,,,,,,
