,AGE,FEMALE,RACE,ZIPINC_QRTL,DIED,LOS
25%,59.13414634146341,0.5121951219512195,1.28125,2.388157894736842,0.0,4.615853658536586
50%,59.26829268292683,0.5121951219512195,1.2875,2.4078947368421053,0.0,4.646341463414634
75%,59.40243902439025,0.5121951219512195,1.29375,2.4276315789473686,0.0,4.676829268292683
count,1.024390243902439,1.024390243902439,1.0,0.9512195121951219,1.024390243902439,1.024390243902439
max,59.53658536585366,0.5121951219512195,1.3,2.4473684210526314,0.0,4.7073170731707314
mean,59.26829268292683,0.5121951219512195,1.2875,2.4078947368421053,0.0,4.646341463414634
min,59.0,0.5121951219512195,1.275,2.3684210526315788,0.0,4.585365853658536
std,15.556349186104045,0.0,0.7071067811865476,2.1213203435596424,0.0,3.5355339059327378
