,AGE,FEMALE,RACE,ZIPINC_QRTL,DIED,LOS
25%,16.833333333333332,0.0,2.1666666666666665,2.5416666666666665,0.0,2.5833333333333335
50%,18.833333333333332,0.0,2.1666666666666665,2.5833333333333335,0.0,2.6666666666666665
75%,20.833333333333332,0.0,2.1666666666666665,2.625,0.0,2.75
count,1.1666666666666667,1.1666666666666667,1.1666666666666667,1.1666666666666667,1.1666666666666667,1.1666666666666667
max,22.833333333333332,0.0,2.1666666666666665,2.6666666666666665,0.0,2.8333333333333335
mean,18.833333333333332,0.0,2.1666666666666665,2.5833333333333335,0.0,2.6666666666666665
min,14.833333333333334,0.0,2.1666666666666665,2.5,0.0,2.5
std,33.94112549695428,0.0,0.0,0.7071067811865476,0.0,1.4142135623730951
