,AGE,FEMALE,RACE,ZIPINC_QRTL,DIED,LOS
25%,58.995,0.135,1.375,2.8,0.0,3.13
50%,59.19,0.15,1.375,2.82,0.0,3.28
75%,59.385,0.165,1.375,2.84,0.0,3.43
count,1.12,1.12,1.06,1.12,1.12,1.12
max,59.58,0.18,1.375,2.86,0.0,3.58
mean,59.19,0.15,1.375,2.82,0.0,3.28
min,58.8,0.12,1.375,2.78,0.0,2.98
std,4.596194077712559,0.3535533905932738,0.0,0.47140452079103173,0.0,3.5355339059327378
