,AGE,FEMALE,RACE,ZIPINC_QRTL,DIED,LOS
25%,31.757575757575758,0.21212121212121213,1.7096774193548387,2.6666666666666665,0.0,2.8484848484848486
50%,31.757575757575758,0.21212121212121213,1.7096774193548387,2.6666666666666665,0.0,2.8484848484848486
75%,31.757575757575758,0.21212121212121213,1.7096774193548387,2.6666666666666665,0.0,2.8484848484848486
count,1.0,1.0,0.9393939393939394,1.0,1.0,1.0
max,31.757575757575758,0.21212121212121213,1.7096774193548387,2.6666666666666665,0.0,2.8484848484848486
mean,31.757575757575758,0.21212121212121213,1.7096774193548387,2.6666666666666665,0.0,2.8484848484848486
min,31.757575757575758,0.21212121212121213,1.7096774193548387,2.6666666666666665,0.0,2.8484848484848486
std,,,,,,
