,AGE,FEMALE,RACE,ZIPINC_QRTL,DIED,LOS
25%,60.5,0.375,2.4285714285714284,2.5,0.0,6.125
50%,60.5,0.375,2.4285714285714284,2.5,0.0,6.125
75%,60.5,0.375,2.4285714285714284,2.5,0.0,6.125
count,1.0,1.0,0.875,1.0,1.0,1.0
max,60.5,0.375,2.4285714285714284,2.5,0.0,6.125
mean,60.5,0.375,2.4285714285714284,2.5,0.0,6.125
min,60.5,0.375,2.4285714285714284,2.5,0.0,6.125
std,,,,,,
