,AGE,FEMALE,RACE,ZIPINC_QRTL,DIED,LOS
25%,55.66129032258065,0.47419354838709676,1.5782312925170068,2.519607843137255,0.012903225806451613,4.664516129032258
50%,56.86129032258064,0.5096774193548387,1.6564625850340136,2.607843137254902,0.012903225806451613,4.896774193548387
75%,58.133870967741935,0.5483870967741935,1.75,2.7434640522875817,0.012903225806451613,5.143548387096774
count,1.4193548387096775,1.4193548387096775,1.3483870967741935,1.3935483870967742,1.4193548387096775,1.4193548387096775
max,59.52903225806452,0.5806451612903226,1.8435374149659864,2.869281045751634,0.012903225806451613,5.406451612903226
mean,56.920860215053764,0.510752688172043,1.666780045351474,2.637799564270152,0.012903225806451613,4.908709677419355
min,54.39354838709677,0.43870967741935485,1.5034013605442176,2.4379084967320264,0.012903225806451613,4.432258064516129
std,10.880054329080378,0.30434808615409903,0.7038296190994329,0.9195520922626471,0.0,2.074452314535221
