,AGE,FEMALE,RACE,ZIPINC_QRTL,DIED,LOS
25%,58.43382352941177,0.5147058823529411,1.503968253968254,2.7386363636363638,0.029411764705882353,4.018382352941177
50%,58.76470588235294,0.5294117647058824,1.5317460317460319,2.765151515151515,0.029411764705882353,4.125
75%,59.1985294117647,0.5294117647058824,1.5595238095238095,2.784090909090909,0.029411764705882353,4.224264705882353
count,1.1470588235294117,1.1470588235294117,1.0588235294117647,1.1029411764705883,1.1470588235294117,1.1470588235294117
max,59.63235294117647,0.5294117647058824,1.5873015873015872,2.803030303030303,0.029411764705882353,4.323529411764706
mean,58.83333333333333,0.5196078431372549,1.5317460317460319,2.76010101010101,0.029411764705882353,4.120098039215686
min,58.10294117647059,0.5,1.4761904761904763,2.712121212121212,0.029411764705882353,3.911764705882353
std,8.865990683175271,0.14433756729740646,0.6187184335382291,0.55048159301836,0.0,2.3488726498678174
