,AGE,FEMALE,RACE,ZIPINC_QRTL,DIED,LOS
25%,41.17424242424242,0.4393939393939394,1.5546875,2.515151515151515,0.015151515151515152,17.446969696969695
50%,41.378787878787875,0.4393939393939394,1.5625,2.5454545454545454,0.015151515151515152,17.90909090909091
75%,41.72727272727273,0.44696969696969696,1.5859375,2.5606060606060606,0.015151515151515152,18.21969696969697
count,1.0909090909090908,1.0909090909090908,1.0454545454545454,1.0909090909090908,1.0909090909090908,1.0909090909090908
max,42.07575757575758,0.45454545454545453,1.609375,2.5757575757575757,0.015151515151515152,18.53030303030303
mean,41.474747474747474,0.4444444444444444,1.5729166666666667,2.5353535353535355,0.015151515151515152,17.808080808080806
min,40.96969696969697,0.4393939393939394,1.546875,2.484848484848485,0.015151515151515152,16.984848484848484
std,9.83068425973529,0.11547005383792516,0.6422285251880867,0.7966255326250883,0.0,13.6941970339019
