,AGE,FEMALE,RACE,ZIPINC_QRTL,DIED,LOS
25%,25.0,0.0,1.6666666666666667,1.6666666666666667,0.0,3.3333333333333335
50%,25.0,0.0,1.6666666666666667,1.6666666666666667,0.0,3.3333333333333335
75%,25.0,0.0,1.6666666666666667,1.6666666666666667,0.0,3.3333333333333335
count,1.0,1.0,1.0,1.0,1.0,1.0
max,25.0,0.0,1.6666666666666667,1.6666666666666667,0.0,3.3333333333333335
mean,25.0,0.0,1.6666666666666667,1.6666666666666667,0.0,3.3333333333333335
min,25.0,0.0,1.6666666666666667,1.6666666666666667,0.0,3.3333333333333335
std,,,,,,
