,AGE,FEMALE,RACE,ZIPINC_QRTL,DIED,LOS
25%,21.6,0.3333333333333333,2.0,2.3333333333333335,0.0,5.333333333333333
50%,21.6,0.3333333333333333,2.0,2.3333333333333335,0.0,5.333333333333333
75%,21.6,0.3333333333333333,2.0,2.3333333333333335,0.0,5.333333333333333
count,1.0,1.0,1.0,1.0,1.0,1.0
max,21.6,0.3333333333333333,2.0,2.3333333333333335,0.0,5.333333333333333
mean,21.6,0.3333333333333333,2.0,2.3333333333333335,0.0,5.333333333333333
min,21.6,0.3333333333333333,2.0,2.3333333333333335,0.0,5.333333333333333
std,,,,,,
