,AGE,FEMALE,RACE,ZIPINC_QRTL,DIED,LOS
25%,30.375,0.0,1.8714285714285714,2.725,0.0,4.16875
50%,30.75,0.0,1.8857142857142857,2.75,0.0,4.2625
75%,31.125,0.0,1.9,2.775,0.0,4.35625
count,1.15,1.15,1.025,1.15,1.15,1.15
max,31.5,0.0,1.9142857142857144,2.8,0.0,4.45
mean,30.75,0.0,1.8857142857142857,2.75,0.0,4.2625
min,30.0,0.0,1.8571428571428572,2.7,0.0,4.075
std,7.0710678118654755,0.0,0.23570226039551587,0.4714045207910316,0.0,1.7677669529663689
