,AGE,FEMALE,RACE,ZIPINC_QRTL,DIED,LOS
25%,28.145833333333332,0.08333333333333333,2.1041666666666665,2.7708333333333335,0.0,2.5833333333333335
50%,29.291666666666668,0.08333333333333333,2.125,2.7916666666666665,0.0,2.5833333333333335
75%,30.4375,0.08333333333333333,2.1458333333333335,2.8125,0.0,2.5833333333333335
count,1.0833333333333333,1.0833333333333333,1.0833333333333333,1.0833333333333333,1.0833333333333333,1.0833333333333333
max,31.583333333333332,0.08333333333333333,2.1666666666666665,2.8333333333333335,0.0,2.5833333333333335
mean,29.291666666666668,0.08333333333333333,2.125,2.7916666666666665,0.0,2.5833333333333335
min,27.0,0.08333333333333333,2.0833333333333335,2.75,0.0,2.5833333333333335
std,38.890872965260115,0.0,0.7071067811865476,0.7071067811865476,0.0,0.0
