,AGE,FEMALE,RACE,ZIPINC_QRTL,DIED,LOS
25%,60.096715328467155,0.3448905109489051,1.5485074626865671,2.6861313868613137,0.0,4.647810218978102
50%,60.97445255474452,0.3759124087591241,1.5970149253731343,2.7664233576642334,0.0,4.737226277372263
75%,61.89963503649635,0.4215328467153285,1.6604477611940298,2.8339416058394162,0.0,4.87043795620438
count,1.3503649635036497,1.3503649635036497,1.3065693430656935,1.3430656934306568,1.3503649635036497,1.3503649635036497
max,62.81021897810219,0.4744525547445255,1.7164179104477613,2.897810218978102,0.0,5.0
mean,61.00243309002433,0.38686131386861317,1.6069651741293534,2.759124087591241,0.0,4.765206812652068
min,59.23357664233577,0.31386861313868614,1.507462686567164,2.613138686131387,0.0,4.554744525547445
std,9.118112626068571,0.4062696742687425,0.558853616057127,0.7222385923390074,0.0,1.0821360294191242
