,AGE,FEMALE,RACE,ZIPINC_QRTL,DIED,LOS
25%,69.85714285714286,0.2857142857142857,1.0,2.857142857142857,0.0,7.285714285714286
50%,69.85714285714286,0.2857142857142857,1.0,2.857142857142857,0.0,7.285714285714286
75%,69.85714285714286,0.2857142857142857,1.0,2.857142857142857,0.0,7.285714285714286
count,1.0,1.0,1.0,1.0,1.0,1.0
max,69.85714285714286,0.2857142857142857,1.0,2.857142857142857,0.0,7.285714285714286
mean,69.85714285714286,0.2857142857142857,1.0,2.857142857142857,0.0,7.285714285714286
min,69.85714285714286,0.2857142857142857,1.0,2.857142857142857,0.0,7.285714285714286
std,,,,,,
