,AGE,FEMALE,RACE,ZIPINC_QRTL,DIED,LOS
25%,40.375,0.2857142857142857,1.9285714285714286,2.4285714285714284,0.0,3.857142857142857
50%,40.75,0.2857142857142857,1.9285714285714286,2.4285714285714284,0.0,3.857142857142857
75%,41.125,0.2857142857142857,1.9285714285714286,2.4285714285714284,0.0,3.857142857142857
count,1.0714285714285714,1.0714285714285714,1.0714285714285714,1.0714285714285714,1.0714285714285714,1.0714285714285714
max,41.5,0.2857142857142857,1.9285714285714286,2.4285714285714284,0.0,3.857142857142857
mean,40.75,0.2857142857142857,1.9285714285714286,2.4285714285714284,0.0,3.857142857142857
min,40.0,0.2857142857142857,1.9285714285714286,2.4285714285714284,0.0,3.857142857142857
std,14.849242404917497,0.0,0.0,0.0,0.0,0.0
