,AGE,FEMALE,RACE,ZIPINC_QRTL,DIED,LOS
25%,55.5,0.3894230769230769,1.6320754716981132,2.701923076923077,0.0,4.617924528301887
50%,55.78846153846154,0.41346153846153844,1.6415094339622642,2.730769230769231,0.0,4.650943396226415
75%,56.07692307692308,0.4375,1.650943396226415,2.7596153846153846,0.0,4.683962264150943
count,1.0943396226415094,1.0943396226415094,1.1132075471698113,1.0943396226415094,1.1132075471698113,1.1132075471698113
max,56.36538461538461,0.46153846153846156,1.6603773584905661,2.7884615384615383,0.0,4.716981132075472
mean,55.78846153846154,0.41346153846153844,1.6415094339622642,2.730769230769231,0.0,4.650943396226415
min,55.21153846153846,0.36538461538461536,1.6226415094339623,2.673076923076923,0.0,4.584905660377358
std,7.0710678118654755,0.5892556509887896,0.23570226039551587,0.7071067811865476,0.0,0.8249579113843054
