,AGE,FEMALE,RACE,ZIPINC_QRTL,DIED,LOS
25%,30.375,0.25,1.2857142857142858,2.0,0.0,5.625
50%,30.375,0.25,1.2857142857142858,2.0,0.0,5.625
75%,30.375,0.25,1.2857142857142858,2.0,0.0,5.625
count,1.0,1.0,0.875,1.0,1.0,1.0
max,30.375,0.25,1.2857142857142858,2.0,0.0,5.625
mean,30.375,0.25,1.2857142857142858,2.0,0.0,5.625
min,30.375,0.25,1.2857142857142858,2.0,0.0,5.625
std,,,,,,
