,AGE,FEMALE,RACE,ZIPINC_QRTL,DIED,LOS
25%,50.689189189189186,0.34290540540540543,1.6455479452054795,2.2804054054054053,0.016891891891891893,14.008445945945946
50%,52.560810810810814,0.38175675675675674,1.7294520547945205,2.3716216216216215,0.02027027027027027,15.08445945945946
75%,54.361486486486484,0.4239864864864865,1.8373287671232876,2.4628378378378377,0.02364864864864865,16.50506756756757
count,1.4256756756756757,1.4256756756756757,1.3783783783783783,1.4189189189189189,1.4256756756756757,1.4256756756756757
max,56.16216216216216,0.46621621621621623,1.9452054794520548,2.554054054054054,0.02702702702702703,17.925675675675677
mean,52.513513513513516,0.38400900900900903,1.745433789954338,2.3716216216216215,0.02027027027027027,15.31418918918919
min,48.817567567567565,0.30405405405405406,1.5616438356164384,2.189189189189189,0.013513513513513514,12.932432432432432
std,13.782578000879507,0.3088897531634363,0.7739816459919887,0.7010509468307033,0.02719641466102106,9.543978767033348
