,AGE,FEMALE,RACE,ZIPINC_QRTL,DIED,LOS
25%,63.3125,0.5208333333333334,2.3863636363636362,2.75,0.0,6.208333333333333
50%,63.625,0.5416666666666666,2.409090909090909,2.75,0.0,6.833333333333333
75%,63.9375,0.5625,2.4318181818181817,2.75,0.0,7.458333333333333
count,1.0833333333333333,1.0833333333333333,1.0,1.0833333333333333,1.0833333333333333,1.0833333333333333
max,64.25,0.5833333333333334,2.4545454545454546,2.75,0.0,8.083333333333334
mean,63.625,0.5416666666666666,2.409090909090909,2.75,0.0,6.833333333333333
min,63.0,0.5,2.3636363636363638,2.75,0.0,5.583333333333333
std,10.606601717798213,0.7071067811865476,0.7071067811865476,0.0,0.0,21.213203435596427
