,AGE,FEMALE,RACE,ZIPINC_QRTL,DIED,LOS
25%,61.20631067961165,0.3422330097087379,1.6658415841584158,2.533980582524272,0.019417475728155338,17.310679611650485
50%,62.44660194174757,0.36893203883495146,1.7574257425742574,2.6262135922330097,0.019417475728155338,18.305825242718445
75%,63.439320388349515,0.41019417475728154,1.863861386138614,2.7184466019417477,0.02912621359223301,19.631067961165048
count,1.3592233009708738,1.3592233009708738,1.3398058252427185,1.3398058252427185,1.3592233009708738,1.3592233009708738
max,64.47572815533981,0.4563106796116505,1.9702970297029703,2.8058252427184467,0.04854368932038835,20.83495145631068
mean,62.24822006472492,0.3805825242718447,1.7673267326732673,2.620711974110032,0.027831715210355986,18.493527508090615
min,59.75728155339806,0.32038834951456313,1.5742574257425743,2.4174757281553396,0.019417475728155338,16.29126213592233
std,12.413780640287262,0.36921094495598106,1.0974134819795032,1.0228032801973015,0.06674642224496707,11.062527331068871
