,AGE,FEMALE,RACE,ZIPINC_QRTL,DIED,LOS
25%,23.833333333333332,0.3333333333333333,2.0,3.3333333333333335,0.0,3.8333333333333335
50%,23.833333333333332,0.3333333333333333,2.0,3.3333333333333335,0.0,3.8333333333333335
75%,23.833333333333332,0.3333333333333333,2.0,3.3333333333333335,0.0,3.8333333333333335
count,1.0,1.0,1.0,1.0,1.0,1.0
max,23.833333333333332,0.3333333333333333,2.0,3.3333333333333335,0.0,3.8333333333333335
mean,23.833333333333332,0.3333333333333333,2.0,3.3333333333333335,0.0,3.8333333333333335
min,23.833333333333332,0.3333333333333333,2.0,3.3333333333333335,0.0,3.8333333333333335
std,,,,,,
