,AGE,FEMALE,RACE,ZIPINC_QRTL,DIED,LOS
25%,17.205223880597014,0.4291044776119403,1.8650793650793651,2.6704545454545454,0.0,3.41044776119403
50%,17.813432835820894,0.44029850746268656,1.8888888888888888,2.6893939393939394,0.0,3.5074626865671643
75%,18.421641791044777,0.45149253731343286,1.9126984126984128,2.7083333333333335,0.0,3.6044776119402986
count,1.0895522388059702,1.0895522388059702,1.0298507462686568,1.0746268656716418,1.0895522388059702,1.0895522388059702
max,19.029850746268657,0.4626865671641791,1.9365079365079365,2.727272727272727,0.0,3.701492537313433
mean,17.813432835820894,0.44029850746268656,1.8888888888888888,2.6893939393939394,0.0,3.5074626865671643
min,16.597014925373134,0.417910447761194,1.8412698412698412,2.6515151515151514,0.0,3.3134328358208953
std,19.20973422223454,0.3535533905932738,0.7071067811865476,0.5892556509887896,0.0,3.064129385141706
