,AGE,FEMALE,RACE,ZIPINC_QRTL,DIED,LOS
25%,53.833333333333336,0.3333333333333333,1.6666666666666667,3.1666666666666665,0.0,3.5
50%,53.833333333333336,0.3333333333333333,1.6666666666666667,3.1666666666666665,0.0,3.5
75%,53.833333333333336,0.3333333333333333,1.6666666666666667,3.1666666666666665,0.0,3.5
count,1.0,1.0,1.0,1.0,1.0,1.0
max,53.833333333333336,0.3333333333333333,1.6666666666666667,3.1666666666666665,0.0,3.5
mean,53.833333333333336,0.3333333333333333,1.6666666666666667,3.1666666666666665,0.0,3.5
min,53.833333333333336,0.3333333333333333,1.6666666666666667,3.1666666666666665,0.0,3.5
std,,,,,,
