,AGE,FEMALE,RACE,ZIPINC_QRTL,DIED,LOS
25%,45.6,1.0,1.85,2.9,0.0,4.55
50%,46.4,1.0,2.1,3.0,0.0,4.7
75%,47.2,1.0,2.35,3.1,0.0,4.85
count,1.2,1.2,1.2,1.2,1.2,1.2
max,48.0,1.0,2.6,3.2,0.0,5.0
mean,46.4,1.0,2.1,3.0,0.0,4.7
min,44.8,1.0,1.6,2.8,0.0,4.4
std,11.313708498984761,0.0,3.5355339059327378,1.4142135623730951,0.0,2.1213203435596424
