,AGE,FEMALE,RACE,ZIPINC_QRTL,DIED,LOS
25%,69.33333333333333,0.6666666666666666,1.0,3.0,0.0,2.3333333333333335
50%,69.33333333333333,0.6666666666666666,1.0,3.0,0.0,2.3333333333333335
75%,69.33333333333333,0.6666666666666666,1.0,3.0,0.0,2.3333333333333335
count,1.0,1.0,1.0,1.0,1.0,1.0
max,69.33333333333333,0.6666666666666666,1.0,3.0,0.0,2.3333333333333335
mean,69.33333333333333,0.6666666666666666,1.0,3.0,0.0,2.3333333333333335
min,69.33333333333333,0.6666666666666666,1.0,3.0,0.0,2.3333333333333335
std,,,,,,
