,AGE,FEMALE,RACE,ZIPINC_QRTL,DIED,LOS
25%,66.0,0.8571428571428571,1.1666666666666667,1.8571428571428572,0.0,2.7142857142857144
50%,66.0,0.8571428571428571,1.1666666666666667,1.8571428571428572,0.0,2.7142857142857144
75%,66.0,0.8571428571428571,1.1666666666666667,1.8571428571428572,0.0,2.7142857142857144
count,1.0,1.0,0.8571428571428571,1.0,1.0,1.0
max,66.0,0.8571428571428571,1.1666666666666667,1.8571428571428572,0.0,2.7142857142857144
mean,66.0,0.8571428571428571,1.1666666666666667,1.8571428571428572,0.0,2.7142857142857144
min,66.0,0.8571428571428571,1.1666666666666667,1.8571428571428572,0.0,2.7142857142857144
std,,,,,,
