,AGE,FEMALE,RACE,ZIPINC_QRTL,DIED,LOS
25%,22.56081081081081,0.41216216216216217,1.893835616438356,2.3333333333333335,0.0,2.875
50%,23.243243243243242,0.44594594594594594,1.9931506849315068,2.4166666666666665,0.0,2.97972972972973
75%,23.925675675675677,0.4797297297297297,2.0924657534246576,2.5,0.0,3.0844594594594597
count,1.2567567567567568,1.2567567567567568,1.2432432432432432,1.2297297297297298,1.2567567567567568,1.2567567567567568
max,24.60810810810811,0.5135135135135135,2.191780821917808,2.5833333333333335,0.0,3.189189189189189
mean,23.243243243243242,0.44594594594594594,1.9931506849315068,2.4166666666666665,0.0,2.97972972972973
min,21.87837837837838,0.3783783783783784,1.7945205479452055,2.25,0.0,2.77027027027027
std,7.517661568404347,0.37216146378239345,1.079268244968941,0.8931875130777441,0.0,1.1537005377254197
