,AGE,FEMALE,RACE,ZIPINC_QRTL,DIED,LOS
25%,62.07608695652174,0.5217391304347826,1.4090909090909092,2.522727272727273,0.0,6.923913043478261
50%,62.19565217391305,0.5217391304347826,1.4090909090909092,2.5454545454545454,0.0,6.934782608695652
75%,62.31521739130435,0.5217391304347826,1.4090909090909092,2.5681818181818183,0.0,6.945652173913044
count,1.0434782608695652,1.0434782608695652,0.9565217391304348,1.0,1.0434782608695652,1.0434782608695652
max,62.43478260869565,0.5217391304347826,1.4090909090909092,2.590909090909091,0.0,6.956521739130435
mean,62.19565217391305,0.5217391304347826,1.4090909090909092,2.5454545454545454,0.0,6.934782608695652
min,61.95652173913044,0.5217391304347826,1.4090909090909092,2.5,0.0,6.913043478260869
std,7.7781745930520225,0.0,,1.4142135623730951,0.0,0.7071067811865476
