,AGE,FEMALE,RACE,ZIPINC_QRTL,DIED,LOS
25%,16.736842105263158,0.29256965944272445,1.4049844236760125,2.2133956386292835,0.0,2.871517027863777
50%,20.46749226006192,0.4458204334365325,1.6246105919003115,2.5233644859813085,0.0,3.543343653250774
75%,25.959752321981423,0.6261609907120743,2.05607476635514,2.8816199376947043,0.0,4.126160990712075
count,3.1826625386996903,3.1826625386996903,3.0340557275541795,3.086687306501548,3.1826625386996903,3.1826625386996903
max,33.925696594427244,0.7461300309597523,2.6542056074766354,3.2274143302180685,0.0,4.829721362229102
mean,21.971292201090964,0.45970072239422083,1.7967110633548238,2.544641339968443,0.0,3.50265492161777
min,12.978328173374614,0.19195046439628483,1.2429906542056075,1.8753894080996885,0.0,2.151702786377709
std,13.191487421438243,0.3995201441958174,0.9716644637044348,0.8982283120581096,0.0,1.7204955695509638
