,AGE,FEMALE,RACE,ZIPINC_QRTL,DIED,LOS
25%,47.95183486238532,0.25229357798165136,1.4929245283018868,2.0700934579439254,0.01834862385321101,9.002293577981652
50%,54.06422018348624,0.4036697247706422,1.7028301886792452,2.4345794392523366,0.01834862385321101,11.399082568807339
75%,58.658256880733944,0.5848623853211009,2.1202830188679247,2.817757009345794,0.02981651376146789,15.814220183486238
count,3.6422018348623855,3.6422018348623855,3.4954128440366974,3.5779816513761467,3.6422018348623855,3.6422018348623855
max,64.25688073394495,0.6880733944954128,2.792452830188679,3.1401869158878504,0.11009174311926606,23.69724770642202
mean,52.695456531236346,0.4210572302315421,1.878268874731139,2.4391336596944075,0.03482961992136304,13.327668559778651
min,38.27522935779817,0.1651376146788991,1.349056603773585,1.719626168224299,0.01834862385321101,7.568807339449541
std,17.527667874164777,0.44077350341584215,1.019986319742815,1.0180679379495219,0.05964269998574002,11.542749231959142
