,AGE,FEMALE,RACE,ZIPINC_QRTL,DIED,LOS
25%,12.632608695652173,0.11231884057971014,1.2739130434782608,1.8311594202898551,0.0,2.8869565217391306
50%,15.195652173913043,0.33768115942028987,1.6797101449275362,2.5231884057971015,0.0,3.527536231884058
75%,19.268840579710144,0.6666666666666666,2.3630434782608694,3.2028985507246377,0.0,4.21304347826087
count,7.41159420289855,7.408695652173913,6.971014492753623,7.269565217391304,7.41159420289855,7.41159420289855
max,31.695652173913043,0.8985507246376812,3.553623188405797,3.718840579710145,0.0,6.327536231884058
mean,17.06001540467514,0.4050431812813665,1.9461954773052292,2.5234892991626885,0.0,3.6933966840063244
min,9.405797101449275,0.03768115942028986,1.1101449275362318,1.3420289855072465,0.0,1.9275362318840579
std,8.212045713318439,0.443058627971109,1.0583924154689714,1.045788043610445,0.0,1.600127411616462
