,AGE,FEMALE,RACE,ZIPINC_QRTL,DIED,LOS
25%,20.666666666666668,0.3333333333333333,2.0,1.8,0.0,3.5
50%,20.666666666666668,0.3333333333333333,2.0,1.8,0.0,3.5
75%,20.666666666666668,0.3333333333333333,2.0,1.8,0.0,3.5
count,1.0,1.0,1.0,0.8333333333333334,1.0,1.0
max,20.666666666666668,0.3333333333333333,2.0,1.8,0.0,3.5
mean,20.666666666666668,0.3333333333333333,2.0,1.8,0.0,3.5
min,20.666666666666668,0.3333333333333333,2.0,1.8,0.0,3.5
std,,,,,,
