,AGE,FEMALE,RACE,ZIPINC_QRTL,DIED,LOS
25%,20.6890243902439,0.3902439024390244,2.2291666666666665,2.457317073170732,0.0,3.073170731707317
50%,20.98780487804878,0.3902439024390244,2.236111111111111,2.475609756097561,0.0,3.073170731707317
75%,21.286585365853657,0.3902439024390244,2.2430555555555554,2.4939024390243905,0.0,3.073170731707317
count,1.048780487804878,1.048780487804878,0.926829268292683,1.048780487804878,1.048780487804878,1.048780487804878
max,21.585365853658537,0.3902439024390244,2.25,2.5121951219512195,0.0,3.073170731707317
mean,20.98780487804878,0.3902439024390244,2.236111111111111,2.475609756097561,0.0,3.073170731707317
min,20.390243902439025,0.3902439024390244,2.2222222222222223,2.4390243902439024,0.0,3.073170731707317
std,17.324116139070416,0.0,0.3535533905932738,1.0606601717798212,0.0,0.0
