,AGE,FEMALE,RACE,ZIPINC_QRTL,DIED,LOS
25%,49.68181818181818,0.18181818181818182,1.8,2.272727272727273,0.0,5.7727272727272725
50%,49.68181818181818,0.18181818181818182,1.8,2.272727272727273,0.0,5.7727272727272725
75%,49.68181818181818,0.18181818181818182,1.8,2.272727272727273,0.0,5.7727272727272725
count,1.0,1.0,0.9090909090909091,1.0,1.0,1.0
max,49.68181818181818,0.18181818181818182,1.8,2.272727272727273,0.0,5.7727272727272725
mean,49.68181818181818,0.18181818181818182,1.8,2.272727272727273,0.0,5.7727272727272725
min,49.68181818181818,0.18181818181818182,1.8,2.272727272727273,0.0,5.7727272727272725
std,,,,,,
