,AGE,FEMALE,RACE,ZIPINC_QRTL,DIED,LOS
25%,2.6666666666666665,1.0,3.0,1.0,0.0,3.3333333333333335
50%,2.6666666666666665,1.0,3.0,1.0,0.0,3.3333333333333335
75%,2.6666666666666665,1.0,3.0,1.0,0.0,3.3333333333333335
count,1.0,1.0,0.6666666666666666,0.6666666666666666,1.0,1.0
max,2.6666666666666665,1.0,3.0,1.0,0.0,3.3333333333333335
mean,2.6666666666666665,1.0,3.0,1.0,0.0,3.3333333333333335
min,2.6666666666666665,1.0,3.0,1.0,0.0,3.3333333333333335
std,,,,,,
