,AGE,FEMALE,RACE,ZIPINC_QRTL,DIED,LOS
25%,42.0,1.0,2.3333333333333335,2.3333333333333335,0.0,2.0
50%,42.0,1.0,2.3333333333333335,2.3333333333333335,0.0,2.0
75%,42.0,1.0,2.3333333333333335,2.3333333333333335,0.0,2.0
count,1.0,1.0,1.0,1.0,1.0,1.0
max,42.0,1.0,2.3333333333333335,2.3333333333333335,0.0,2.0
mean,42.0,1.0,2.3333333333333335,2.3333333333333335,0.0,2.0
min,42.0,1.0,2.3333333333333335,2.3333333333333335,0.0,2.0
std,,,,,,
