,AGE,FEMALE,RACE,ZIPINC_QRTL,DIED,LOS
25%,45.285714285714285,1.0,2.8333333333333335,3.0,0.0,4.0
50%,45.285714285714285,1.0,2.8333333333333335,3.0,0.0,4.0
75%,45.285714285714285,1.0,2.8333333333333335,3.0,0.0,4.0
count,1.0,1.0,0.8571428571428571,1.0,1.0,1.0
max,45.285714285714285,1.0,2.8333333333333335,3.0,0.0,4.0
mean,45.285714285714285,1.0,2.8333333333333335,3.0,0.0,4.0
min,45.285714285714285,1.0,2.8333333333333335,3.0,0.0,4.0
std,,,,,,
