,AGE,FEMALE,RACE,ZIPINC_QRTL,DIED,LOS
25%,58.76190476190476,0.19047619047619047,1.6,2.5,0.0,7.857142857142857
50%,58.76190476190476,0.19047619047619047,1.6,2.5,0.0,7.857142857142857
75%,58.76190476190476,0.19047619047619047,1.6,2.5,0.0,7.857142857142857
count,1.0,1.0,0.9523809523809523,0.9523809523809523,1.0,1.0
max,58.76190476190476,0.19047619047619047,1.6,2.5,0.0,7.857142857142857
mean,58.76190476190476,0.19047619047619047,1.6,2.5,0.0,7.857142857142857
min,58.76190476190476,0.19047619047619047,1.6,2.5,0.0,7.857142857142857
std,,,,,,
