,AGE,FEMALE,RACE,ZIPINC_QRTL,DIED,LOS
25%,12.0,0.6666666666666666,1.6666666666666667,2.3333333333333335,0.0,4.0
50%,12.0,0.6666666666666666,1.6666666666666667,2.3333333333333335,0.0,4.0
75%,12.0,0.6666666666666666,1.6666666666666667,2.3333333333333335,0.0,4.0
count,1.0,1.0,1.0,1.0,1.0,1.0
max,12.0,0.6666666666666666,1.6666666666666667,2.3333333333333335,0.0,4.0
mean,12.0,0.6666666666666666,1.6666666666666667,2.3333333333333335,0.0,4.0
min,12.0,0.6666666666666666,1.6666666666666667,2.3333333333333335,0.0,4.0
std,,,,,,
