,AGE,FEMALE,RACE,ZIPINC_QRTL,DIED,LOS
25%,56.3125,0.5,1.375,2.625,0.0,8.15625
50%,56.3125,0.5,1.375,2.625,0.0,8.25
75%,56.3125,0.5,1.375,2.625,0.0,8.34375
count,1.0625,1.0625,1.0625,1.0625,1.0625,1.0625
max,56.3125,0.5,1.375,2.625,0.0,8.4375
mean,56.3125,0.5,1.375,2.625,0.0,8.25
min,56.3125,0.5,1.375,2.625,0.0,8.0625
std,0.0,0.0,0.0,0.0,0.0,4.242640687119285
