,AGE,FEMALE,RACE,ZIPINC_QRTL,DIED,LOS
25%,27.433823529411764,1.0,2.014925373134328,2.4473684210526314,0.0,3.770220588235294
50%,28.746323529411764,1.0,2.0597014925373136,2.4849624060150375,0.0,3.863970588235294
75%,30.097426470588236,1.0,2.1138059701492535,2.530075187969925,0.0,3.9650735294117645
count,1.2720588235294117,1.2647058823529411,1.2352941176470589,1.25,1.2720588235294117,1.2720588235294117
max,31.441176470588236,1.0,2.1865671641791047,2.5789473684210527,0.0,4.0661764705882355
mean,28.77144607843137,1.0,2.0690298507462686,2.4899749373433586,0.0,3.8676470588235294
min,26.125,1.0,1.9701492537313432,2.406015037593985,0.0,3.6691176470588234
std,15.613860611835998,0.0,0.676840596446052,0.4894224779315588,0.0,1.1763743732745
