,AGE,FEMALE,RACE,ZIPINC_QRTL,DIED,LOS
25%,62.666666666666664,0.5555555555555556,1.75,3.4444444444444446,0.0,4.444444444444445
50%,62.666666666666664,0.5555555555555556,1.75,3.4444444444444446,0.0,4.444444444444445
75%,62.666666666666664,0.5555555555555556,1.75,3.4444444444444446,0.0,4.444444444444445
count,1.0,1.0,0.8888888888888888,1.0,1.0,1.0
max,62.666666666666664,0.5555555555555556,1.75,3.4444444444444446,0.0,4.444444444444445
mean,62.666666666666664,0.5555555555555556,1.75,3.4444444444444446,0.0,4.444444444444445
min,62.666666666666664,0.5555555555555556,1.75,3.4444444444444446,0.0,4.444444444444445
std,,,,,,
