,AGE,FEMALE,RACE,ZIPINC_QRTL,DIED,LOS
25%,27.025974025974026,0.38636363636363635,1.9375,2.2933333333333334,0.0,5.4188311688311686
50%,27.7012987012987,0.3961038961038961,1.9583333333333333,2.3333333333333335,0.0,5.512987012987013
75%,28.62987012987013,0.4253246753246753,1.9861111111111112,2.3666666666666667,0.0,5.62012987012987
count,1.1688311688311688,1.1688311688311688,1.103896103896104,1.1428571428571428,1.1688311688311688,1.1688311688311688
max,29.558441558441558,0.45454545454545453,2.013888888888889,2.4,0.0,5.7272727272727275
mean,27.87012987012987,0.4090909090909091,1.962962962962963,2.328888888888889,0.0,5.521645021645022
min,26.350649350649352,0.37662337662337664,1.9166666666666667,2.2533333333333334,0.0,5.324675324675325
std,15.588226865933242,0.38533711511285207,0.45604779323150674,0.6974691494688162,0.0,2.0937245568884513
