,AGE,FEMALE,RACE,ZIPINC_QRTL,DIED,LOS
25%,58.375,0.39204545454545453,1.580708661417323,2.5218253968253967,0.0,4.535984848484849
50%,59.48863636363637,0.42045454545454547,1.6181102362204725,2.5833333333333335,0.0,4.625
75%,60.308712121212125,0.45265151515151514,1.6811023622047243,2.6567460317460316,0.0,4.770833333333333
count,1.3106060606060606,1.3106060606060606,1.25,1.2651515151515151,1.3106060606060606,1.3106060606060606
max,61.11363636363637,0.48484848484848486,1.7480314960629921,2.7301587301587302,0.0,4.909090909090909
mean,59.297348484848484,0.422979797979798,1.6371391076115485,2.5912698412698414,0.0,4.661616161616162
min,57.303030303030305,0.36363636363636365,1.5511811023622046,2.4603174603174605,0.0,4.446969696969697
std,10.42071822880667,0.3641479654331332,0.5827348162871296,0.7073410447779842,0.0,1.2745676483291957
