,AGE,FEMALE,RACE,ZIPINC_QRTL,DIED,LOS
25%,16.116412213740457,0.3291984732824427,1.6303501945525292,2.3026819923371646,0.0,3.316793893129771
50%,17.90648854961832,0.4217557251908397,1.8093385214007782,2.5383141762452106,0.0,3.683206106870229
75%,20.07442748091603,0.5133587786259542,2.0787937743190663,2.7634099616858236,0.0,4.245229007633588
count,2.3053435114503817,2.3053435114503817,2.148854961832061,2.2786259541984735,2.3053435114503817,2.3053435114503817
max,23.099236641221374,0.5992366412213741,2.377431906614786,2.9731800766283527,0.0,4.9961832061068705
mean,18.36787986186841,0.42246910214467465,1.8815545673522327,2.5369594964422553,0.0,3.8416030534351147
min,14.580152671755725,0.25190839694656486,1.490272373540856,2.10727969348659,0.0,2.9122137404580153
std,7.426977198799462,0.33107392842646455,0.8915799070954149,0.813005399243278,0.0,1.7992092059513227
