,AGE,FEMALE,RACE,ZIPINC_QRTL,DIED,LOS
25%,68.28571428571429,0.42857142857142855,3.5,2.2857142857142856,0.0,2.7142857142857144
50%,68.28571428571429,0.42857142857142855,3.5,2.2857142857142856,0.0,2.7142857142857144
75%,68.28571428571429,0.42857142857142855,3.5,2.2857142857142856,0.0,2.7142857142857144
count,1.0,1.0,0.8571428571428571,1.0,1.0,1.0
max,68.28571428571429,0.42857142857142855,3.5,2.2857142857142856,0.0,2.7142857142857144
mean,68.28571428571429,0.42857142857142855,3.5,2.2857142857142856,0.0,2.7142857142857144
min,68.28571428571429,0.42857142857142855,3.5,2.2857142857142856,0.0,2.7142857142857144
std,,,,,,
