,AGE,FEMALE,RACE,ZIPINC_QRTL,DIED,LOS
25%,40.17355371900826,1.0,2.0294117647058822,2.1281512605042017,0.0,2.4917355371900825
50%,41.32644628099174,1.0,2.100840336134454,2.2016806722689077,0.0,2.574380165289256
75%,42.79752066115702,1.0,2.161764705882353,2.283613445378151,0.0,2.8615702479338845
count,1.4710743801652892,1.4710743801652892,1.43801652892562,1.4462809917355373,1.4710743801652892,1.4710743801652892
max,44.099173553719005,1.0,2.2184873949579833,2.369747899159664,0.0,3.2148760330578514
mean,41.48327430145612,1.0,2.0919367747098843,2.2072829131652663,0.0,2.7156631247540335
min,38.96694214876033,1.0,1.949579831932773,2.0504201680672267,0.0,2.396694214876033
std,11.286301708763803,0.0,0.635919515178278,0.7421106609603578,0.0,1.6905112078755744
