,AGE,FEMALE,RACE,ZIPINC_QRTL,DIED,LOS
25%,8.906702898550725,0.34057971014492755,1.6301498127340823,2.329044117647059,0.0,3.3125
50%,10.554347826086957,0.42934782608695654,1.8333333333333333,2.5625,0.0,4.023550724637682
75%,13.28804347826087,0.5353260869565217,2.136704119850187,2.791360294117647,0.0,5.002717391304348
count,2.282608695652174,2.282608695652174,2.170289855072464,2.2028985507246377,2.282608695652174,2.282608695652174
max,16.463768115942027,0.6485507246376812,2.460674157303371,3.036764705882353,0.0,6.6231884057971016
mean,11.32517253278123,0.44503536922015186,1.9022026038879971,2.562117610201976,0.0,4.314475500345066
min,7.326086956521739,0.2717391304347826,1.4606741573033708,2.0919117647058822,0.0,2.6268115942028984
std,8.184566783359838,0.36294045444830314,0.9253161700361194,0.8721395273903046,0.0,3.6263531452230375
