,AGE,FEMALE,RACE,ZIPINC_QRTL,DIED,LOS
25%,44.6360294117647,0.28860294117647056,1.9089147286821706,2.2222222222222223,0.007352941176470588,11.770220588235293
50%,45.838235294117645,0.3161764705882353,1.9883720930232558,2.325925925925926,0.007352941176470588,12.323529411764707
75%,46.93014705882353,0.3474264705882353,2.067829457364341,2.433333333333333,0.007352941176470588,13.075367647058824
count,1.3235294117647058,1.3235294117647058,1.2647058823529411,1.3014705882352942,1.3235294117647058,1.3235294117647058
max,47.970588235294116,0.375,2.147286821705426,2.533333333333333,0.007352941176470588,13.830882352941176
mean,45.76470588235294,0.3186274509803922,1.9883720930232558,2.328395061728395,0.007352941176470588,12.455882352941176
min,43.48529411764706,0.2647058823529412,1.8294573643410852,2.1259259259259258,0.007352941176470588,11.213235294117647
std,11.515688458418452,0.28906066605343184,0.7792719387178969,1.086753667077016,0.0,6.928647036168411
