,AGE,FEMALE,RACE,ZIPINC_QRTL,DIED,LOS
25%,52.560810810810814,1.0,1.8886363636363637,2.09703196347032,0.0022522522522522522,2.865990990990991
50%,54.601351351351354,1.0,2.0386363636363636,2.2579908675799087,0.0045045045045045045,3.1486486486486487
75%,56.78716216216216,1.0,2.180681818181818,2.4292237442922375,0.006756756756756757,3.421171171171171
count,1.7972972972972974,1.7972972972972974,1.7747747747747749,1.7522522522522523,1.7972972972972974,1.7972972972972974
max,59.01801801801802,1.0,2.35,2.625570776255708,0.009009009009009009,3.68018018018018
mean,54.63100600600601,1.0,2.0400757575757575,2.2705479452054793,0.0045045045045045045,3.1425675675675673
min,50.11711711711712,1.0,1.75,1.9406392694063928,0.0,2.599099099099099
std,10.878375677816186,0.0,0.756926788064627,0.8981130029385955,0.013094570021973104,1.358536814127646
