,AGE,FEMALE,RACE,ZIPINC_QRTL,DIED,LOS
25%,31.166666666666668,0.5,2.1818181818181817,2.75,0.0,3.5833333333333335
50%,31.166666666666668,0.5,2.1818181818181817,2.75,0.0,3.5833333333333335
75%,31.166666666666668,0.5,2.1818181818181817,2.75,0.0,3.5833333333333335
count,1.0,1.0,0.9166666666666666,1.0,1.0,1.0
max,31.166666666666668,0.5,2.1818181818181817,2.75,0.0,3.5833333333333335
mean,31.166666666666668,0.5,2.1818181818181817,2.75,0.0,3.5833333333333335
min,31.166666666666668,0.5,2.1818181818181817,2.75,0.0,3.5833333333333335
std,,,,,,
