,AGE,FEMALE,RACE,ZIPINC_QRTL,DIED,LOS
25%,51.125,0.25,2.6666666666666665,2.5,0.0,4.625
50%,51.125,0.25,2.6666666666666665,2.5,0.0,4.625
75%,51.125,0.25,2.6666666666666665,2.5,0.0,4.625
count,1.0,1.0,0.75,1.0,1.0,1.0
max,51.125,0.25,2.6666666666666665,2.5,0.0,4.625
mean,51.125,0.25,2.6666666666666665,2.5,0.0,4.625
min,51.125,0.25,2.6666666666666665,2.5,0.0,4.625
std,,,,,,
