,AGE,FEMALE,RACE,ZIPINC_QRTL,DIED,LOS
25%,19.52,0.4213709677419355,1.7354166666666666,2.315040650406504,0.0,2.492
50%,20.108,0.46774193548387094,1.8083333333333333,2.394308943089431,0.0,2.608
75%,20.866,0.5141129032258065,1.9229166666666666,2.4939024390243905,0.0,2.712
count,1.336,1.328,1.248,1.32,1.336,1.336
max,21.6,0.5564516129032258,2.033333333333333,2.5934959349593494,0.0,2.816
mean,20.223333333333333,0.46774193548387094,1.8361111111111112,2.407859078590786,0.0,2.6
min,18.968,0.3790322580645161,1.6666666666666667,2.2357723577235773,0.0,2.376
std,6.327720566385702,0.43082510594487045,1.0057362307673885,0.8381124920918216,0.0,1.1080345971918577
