,AGE,FEMALE,RACE,ZIPINC_QRTL,DIED,LOS
25%,30.333333333333332,0.3333333333333333,1.3333333333333333,3.3333333333333335,0.0,5.0
50%,30.333333333333332,0.3333333333333333,1.3333333333333333,3.3333333333333335,0.0,5.0
75%,30.333333333333332,0.3333333333333333,1.3333333333333333,3.3333333333333335,0.0,5.0
count,1.0,1.0,1.0,1.0,1.0,1.0
max,30.333333333333332,0.3333333333333333,1.3333333333333333,3.3333333333333335,0.0,5.0
mean,30.333333333333332,0.3333333333333333,1.3333333333333333,3.3333333333333335,0.0,5.0
min,30.333333333333332,0.3333333333333333,1.3333333333333333,3.3333333333333335,0.0,5.0
std,,,,,,
