,AGE,FEMALE,RACE,ZIPINC_QRTL,DIED,LOS
25%,14.428571428571429,0.2857142857142857,2.142857142857143,2.142857142857143,0.0,10.0
50%,14.428571428571429,0.2857142857142857,2.142857142857143,2.142857142857143,0.0,10.0
75%,14.428571428571429,0.2857142857142857,2.142857142857143,2.142857142857143,0.0,10.0
count,1.0,1.0,1.0,1.0,1.0,1.0
max,14.428571428571429,0.2857142857142857,2.142857142857143,2.142857142857143,0.0,10.0
mean,14.428571428571429,0.2857142857142857,2.142857142857143,2.142857142857143,0.0,10.0
min,14.428571428571429,0.2857142857142857,2.142857142857143,2.142857142857143,0.0,10.0
std,,,,,,
