,AGE,FEMALE,RACE,ZIPINC_QRTL,DIED,LOS
25%,34.0,0.75,1.75,3.3333333333333335,0.0,3.5
50%,34.0,0.75,1.75,3.3333333333333335,0.0,3.5
75%,34.0,0.75,1.75,3.3333333333333335,0.0,3.5
count,1.0,1.0,1.0,0.75,1.0,1.0
max,34.0,0.75,1.75,3.3333333333333335,0.0,3.5
mean,34.0,0.75,1.75,3.3333333333333335,0.0,3.5
min,34.0,0.75,1.75,3.3333333333333335,0.0,3.5
std,,,,,,
