,AGE,FEMALE,RACE,ZIPINC_QRTL,DIED,LOS
25%,44.46590909090909,0.3835227272727273,2.0058823529411764,2.2732558139534884,0.0,7.25
50%,48.80113636363637,0.45454545454545453,2.211764705882353,2.5348837209302326,0.0,7.971590909090909
75%,52.15056818181818,0.5880681818181818,2.538235294117647,2.7267441860465116,0.0,9.255681818181818
count,2.0,2.0,1.9204545454545454,1.9659090909090908,2.0,2.0
max,55.47727272727273,0.6818181818181818,2.776470588235294,2.9186046511627906,0.0,11.420454545454545
mean,48.08011363636364,0.48996212121212124,2.282156862745098,2.4978682170542634,0.0,8.49659090909091
min,39.63636363636363,0.32954545454545453,1.8588235294117648,2.046511627906977,0.0,6.5
std,16.061778385373092,0.3949355328578168,1.0018865697189292,0.8987913372536553,0.0,4.99760719106847
