,AGE,FEMALE,RACE,ZIPINC_QRTL,DIED,LOS
25%,8.288461538461538,0.3269230769230769,2.480769230769231,2.0961538461538463,0.0,4.538461538461538
50%,8.346153846153847,0.34615384615384615,2.5,2.1153846153846154,0.0,4.538461538461538
75%,8.403846153846153,0.36538461538461536,2.519230769230769,2.1346153846153846,0.0,4.538461538461538
count,1.0769230769230769,1.0769230769230769,1.0769230769230769,1.0769230769230769,1.0769230769230769,1.0769230769230769
max,8.461538461538462,0.38461538461538464,2.5384615384615383,2.1538461538461537,0.0,4.538461538461538
mean,8.346153846153847,0.34615384615384615,2.5,2.1153846153846154,0.0,4.538461538461538
min,8.23076923076923,0.3076923076923077,2.4615384615384617,2.076923076923077,0.0,4.538461538461538
std,2.1213203435596424,0.7071067811865476,0.7071067811865476,0.7071067811865476,0.0,0.0
