,AGE,FEMALE,RACE,ZIPINC_QRTL,DIED,LOS
25%,60.666666666666664,0.4166666666666667,3.3333333333333335,2.5,0.0,3.8333333333333335
50%,60.666666666666664,0.4166666666666667,3.3333333333333335,2.5,0.0,3.8333333333333335
75%,60.666666666666664,0.4166666666666667,3.3333333333333335,2.5,0.0,3.8333333333333335
count,1.0,1.0,1.0,1.0,1.0,1.0
max,60.666666666666664,0.4166666666666667,3.3333333333333335,2.5,0.0,3.8333333333333335
mean,60.666666666666664,0.4166666666666667,3.3333333333333335,2.5,0.0,3.8333333333333335
min,60.666666666666664,0.4166666666666667,3.3333333333333335,2.5,0.0,3.8333333333333335
std,,,,,,
