,AGE,FEMALE,RACE,ZIPINC_QRTL,DIED,LOS
25%,36.380102040816325,0.6045918367346939,1.9381443298969072,3.0255102040816326,0.01020408163265306,4.448979591836735
50%,37.05612244897959,0.6326530612244898,1.9793814432989691,3.0816326530612246,0.01020408163265306,4.494897959183674
75%,37.83163265306123,0.6479591836734694,2.077319587628866,3.122448979591837,0.01020408163265306,4.535714285714286
count,1.2448979591836735,1.2448979591836735,1.2244897959183674,1.2346938775510203,1.2448979591836735,1.2448979591836735
max,38.66326530612245,0.6632653061224489,2.1752577319587627,3.163265306122449,0.01020408163265306,4.581632653061225
mean,37.12840136054422,0.6232993197278912,2.0171821305841924,3.0714285714285716,0.01020408163265306,4.491496598639456
min,35.683673469387756,0.5714285714285714,1.8969072164948453,2.9693877551020407,0.01020408163265306,4.3979591836734695
std,10.88455154145202,0.35236426259404335,1.16033656240512,0.6990276560232067,0.0,0.688586495001069
