,AGE,FEMALE,RACE,ZIPINC_QRTL,DIED,LOS
25%,31.17222222222222,1.0,1.8527131782945736,2.201492537313433,0.0,3.55
50%,32.41481481481482,1.0,1.9224806201550388,2.279850746268657,0.0,3.674074074074074
75%,34.22037037037037,1.0,2.007751937984496,2.337686567164179,0.0,3.7777777777777777
count,1.3111111111111111,1.3111111111111111,1.2592592592592593,1.3037037037037038,1.3111111111111111,1.3111111111111111
max,36.11851851851852,1.0,2.0852713178294575,2.3955223880597014,0.0,3.8814814814814813
mean,32.80123456790124,1.0,1.9328165374677004,2.264303482587065,0.0,3.661111111111111
min,29.903703703703705,1.0,1.7906976744186047,2.111940298507463,0.0,3.4296296296296296
std,16.18969153429369,0.0,0.7374111619483003,0.744573462681423,0.0,1.160635535501389
