,AGE,FEMALE,RACE,ZIPINC_QRTL,DIED,LOS
25%,30.12837837837838,0.33783783783783783,1.7352941176470589,2.3716216216216215,0.0,2.7972972972972974
50%,30.33783783783784,0.35135135135135137,1.7352941176470589,2.391891891891892,0.0,2.8378378378378377
75%,30.5472972972973,0.36486486486486486,1.7352941176470589,2.4121621621621623,0.0,2.8783783783783785
count,1.1081081081081081,1.1081081081081081,1.0,1.1081081081081081,1.1081081081081081,1.1081081081081081
max,30.756756756756758,0.3783783783783784,1.7352941176470589,2.4324324324324325,0.0,2.918918918918919
mean,30.33783783783784,0.35135135135135137,1.7352941176470589,2.391891891891892,0.0,2.8378378378378377
min,29.91891891891892,0.32432432432432434,1.7352941176470589,2.3513513513513513,0.0,2.7567567567567566
std,5.480077554195744,0.3535533905932738,0.0,0.5303300858899107,0.0,1.0606601717798214
