,AGE,FEMALE,RACE,ZIPINC_QRTL,DIED,LOS
25%,55.879901960784316,0.31862745098039214,1.6262626262626263,2.6004901960784315,0.0,4.5931372549019605
50%,56.55392156862745,0.3333333333333333,1.6767676767676767,2.6813725490196076,0.0,4.676470588235294
75%,57.39950980392157,0.35294117647058826,1.7323232323232323,2.7622549019607843,0.004901960784313725,4.828431372549019
count,1.2549019607843137,1.2549019607843137,1.2058823529411764,1.2549019607843137,1.2549019607843137,1.2549019607843137
max,58.245098039215684,0.37254901960784315,1.7878787878787878,2.843137254901961,0.00980392156862745,4.980392156862745
mean,56.66830065359478,0.3366013071895425,1.6801346801346801,2.6813725490196076,0.00326797385620915,4.722222222222222
min,55.205882352941174,0.30392156862745096,1.5757575757575757,2.519607843137255,0.0,4.509803921568627
std,8.804264912722354,0.20956482418734396,0.6351238530745691,0.9806949872684582,0.025102185616940255,1.3338660574938328
