,AGE,FEMALE,RACE,ZIPINC_QRTL,DIED,LOS
25%,62.859375,0.203125,2.25,2.5625,0.0,4.203125
50%,63.09375,0.21875,2.25,2.5625,0.0,4.21875
75%,63.328125,0.234375,2.25,2.5625,0.0,4.234375
count,1.0625,1.0625,1.0625,1.0625,1.0625,1.0625
max,63.5625,0.25,2.25,2.5625,0.0,4.25
mean,63.09375,0.21875,2.25,2.5625,0.0,4.21875
min,62.625,0.1875,2.25,2.5625,0.0,4.1875
std,10.606601717798213,0.7071067811865476,0.0,0.0,0.0,0.7071067811865476
