,AGE,FEMALE,RACE,ZIPINC_QRTL,DIED,LOS
25%,47.666666666666664,0.3333333333333333,1.5,2.3333333333333335,0.0,4.0
50%,47.666666666666664,0.3333333333333333,1.5,2.3333333333333335,0.0,4.0
75%,47.666666666666664,0.3333333333333333,1.5,2.3333333333333335,0.0,4.0
count,1.0,1.0,0.6666666666666666,1.0,1.0,1.0
max,47.666666666666664,0.3333333333333333,1.5,2.3333333333333335,0.0,4.0
mean,47.666666666666664,0.3333333333333333,1.5,2.3333333333333335,0.0,4.0
min,47.666666666666664,0.3333333333333333,1.5,2.3333333333333335,0.0,4.0
std,,,,,,
