,AGE,FEMALE,RACE,ZIPINC_QRTL,DIED,LOS
25%,61.3125,0.25,1.9285714285714286,3.0625,0.0,3.65625
50%,61.625,0.25,2.0,3.125,0.0,3.6875
75%,61.9375,0.25,2.0714285714285716,3.1875,0.0,3.71875
count,1.125,1.125,1.0,1.125,1.125,1.125
max,62.25,0.25,2.142857142857143,3.25,0.0,3.75
mean,61.625,0.25,2.0,3.125,0.0,3.6875
min,61.0,0.25,1.8571428571428572,3.0,0.0,3.625
std,7.0710678118654755,0.0,1.4142135623730951,1.4142135623730951,0.0,0.7071067811865476
