,AGE,FEMALE,RACE,ZIPINC_QRTL,DIED,LOS
25%,46.044117647058826,0.3235294117647059,2.267857142857143,2.764705882352941,0.0,10.852941176470589
50%,47.205882352941174,0.35294117647058826,2.3214285714285716,2.764705882352941,0.0,11.411764705882353
75%,48.36764705882353,0.38235294117647056,2.375,2.764705882352941,0.0,11.970588235294118
count,1.1176470588235294,1.1176470588235294,0.9411764705882353,1.1176470588235294,1.1176470588235294,1.1176470588235294
max,49.529411764705884,0.4117647058823529,2.4285714285714284,2.764705882352941,0.0,12.529411764705882
mean,47.205882352941174,0.35294117647058826,2.3214285714285716,2.764705882352941,0.0,11.411764705882353
min,44.88235294117647,0.29411764705882354,2.2142857142857144,2.764705882352941,0.0,10.294117647058824
std,27.930717856868625,0.7071067811865476,1.0606601717798212,0.0,0.0,13.435028842544403
