,AGE,FEMALE,RACE,ZIPINC_QRTL,DIED,LOS
25%,51.43518518518518,0.6018518518518519,1.287037037037037,2.4074074074074074,0.0,2.9814814814814814
50%,51.75925925925926,0.6111111111111112,1.3148148148148149,2.4444444444444446,0.0,3.037037037037037
75%,52.083333333333336,0.6203703703703703,1.3425925925925926,2.4814814814814814,0.0,3.0925925925925926
count,1.1111111111111112,1.1111111111111112,1.1111111111111112,1.1111111111111112,1.1111111111111112,1.1111111111111112
max,52.407407407407405,0.6296296296296297,1.3703703703703705,2.5185185185185186,0.0,3.1481481481481484
mean,51.75925925925926,0.6111111111111112,1.3148148148148149,2.4444444444444446,0.0,3.037037037037037
min,51.111111111111114,0.5925925925925926,1.2592592592592593,2.3703703703703702,0.0,2.925925925925926
std,8.249579113843055,0.23570226039551587,0.7071067811865476,0.9428090415820635,0.0,1.4142135623730951
