,AGE,FEMALE,RACE,ZIPINC_QRTL,DIED,LOS
25%,31.142857142857142,0.5,1.6428571428571428,2.230769230769231,0.0,3.5714285714285716
50%,31.142857142857142,0.5,1.6428571428571428,2.230769230769231,0.0,3.5714285714285716
75%,31.142857142857142,0.5,1.6428571428571428,2.230769230769231,0.0,3.5714285714285716
count,1.0,1.0,1.0,0.9285714285714286,1.0,1.0
max,31.142857142857142,0.5,1.6428571428571428,2.230769230769231,0.0,3.5714285714285716
mean,31.142857142857142,0.5,1.6428571428571428,2.230769230769231,0.0,3.5714285714285716
min,31.142857142857142,0.5,1.6428571428571428,2.230769230769231,0.0,3.5714285714285716
std,,,,,,
