,AGE,FEMALE,RACE,ZIPINC_QRTL,DIED,LOS
25%,55.8325,0.335,2.1136363636363638,1.6368421052631579,0.0,2.72
50%,57.605,0.37,2.1717171717171717,1.6842105263157894,0.0,2.785
75%,59.235,0.445,2.282828282828283,1.7815789473684212,0.0,2.9725
count,1.87,1.87,1.85,1.75,1.87,1.87
max,60.86,0.52,2.4242424242424243,1.9473684210526316,0.0,3.2
mean,57.40819444444444,0.3933611111111111,2.213973063973064,1.726812865497076,0.0,2.8710000000000004
min,53.43,0.3,2.0606060606060606,1.5789473684210527,0.0,2.64
std,10.83004242529108,0.36327251974183,0.627208312587567,0.5966753821645924,0.0,0.9300670079097084
