,AGE,FEMALE,RACE,ZIPINC_QRTL,DIED,LOS
25%,31.41025641025641,0.391025641025641,1.5921052631578947,2.423076923076923,0.0,4.935897435897436
50%,31.41025641025641,0.3974358974358974,1.605263157894737,2.4358974358974357,0.0,5.17948717948718
75%,31.41025641025641,0.40384615384615385,1.618421052631579,2.448717948717949,0.0,5.423076923076923
count,1.0256410256410255,1.0256410256410255,1.0,1.0256410256410255,1.0256410256410255,1.0256410256410255
max,31.41025641025641,0.41025641025641024,1.631578947368421,2.4615384615384617,0.0,5.666666666666667
mean,31.41025641025641,0.3974358974358974,1.605263157894737,2.4358974358974357,0.0,5.17948717948718
min,31.41025641025641,0.38461538461538464,1.5789473684210527,2.41025641025641,0.0,4.6923076923076925
std,0.0,0.7071067811865476,1.4142135623730951,1.4142135623730951,0.0,26.870057685088806
