,AGE,FEMALE,RACE,ZIPINC_QRTL,DIED,LOS
25%,32.333333333333336,0.3333333333333333,1.6666666666666667,3.0,0.0,3.6666666666666665
50%,32.333333333333336,0.3333333333333333,1.6666666666666667,3.0,0.0,3.6666666666666665
75%,32.333333333333336,0.3333333333333333,1.6666666666666667,3.0,0.0,3.6666666666666665
count,1.0,1.0,1.0,1.0,1.0,1.0
max,32.333333333333336,0.3333333333333333,1.6666666666666667,3.0,0.0,3.6666666666666665
mean,32.333333333333336,0.3333333333333333,1.6666666666666667,3.0,0.0,3.6666666666666665
min,32.333333333333336,0.3333333333333333,1.6666666666666667,3.0,0.0,3.6666666666666665
std,,,,,,
