,AGE,FEMALE,RACE,ZIPINC_QRTL,DIED,LOS
25%,20.04268292682927,0.4024390243902439,2.1402439024390243,2.223684210526316,0.0,3.6158536585365852
50%,20.353658536585368,0.4146341463414634,2.158536585365854,2.236842105263158,0.0,3.6463414634146343
75%,20.8109756097561,0.4268292682926829,2.1646341463414633,2.25,0.0,3.701219512195122
count,1.1951219512195121,1.1951219512195121,1.170731707317073,1.1219512195121952,1.1951219512195121,1.1951219512195121
max,21.26829268292683,0.43902439024390244,2.1707317073170733,2.263157894736842,0.0,3.7560975609756095
mean,20.451219512195124,0.4146341463414634,2.1504065040650406,2.236842105263158,0.0,3.6626016260162597
min,19.73170731707317,0.3902439024390244,2.1219512195121952,2.210526315789474,0.0,3.5853658536585367
std,7.165108178464905,0.23570226039551587,0.2568914100752347,0.23570226039551587,0.0,0.7817057407186648
