,AGE,FEMALE,RACE,ZIPINC_QRTL,DIED,LOS
25%,28.432291666666668,0.3802083333333333,2.0930232558139537,2.4510869565217392,0.0,3.2708333333333335
50%,28.489583333333332,0.3854166666666667,2.116279069767442,2.467391304347826,0.0,3.2916666666666665
75%,28.546875,0.390625,2.13953488372093,2.483695652173913,0.0,3.3125
count,1.0625,1.0625,0.9583333333333334,1.0208333333333333,1.0625,1.0625
max,28.604166666666668,0.3958333333333333,2.1627906976744184,2.5,0.0,3.3333333333333335
mean,28.489583333333332,0.3854166666666667,2.116279069767442,2.467391304347826,0.0,3.2916666666666665
min,28.375,0.375,2.0697674418604652,2.4347826086956523,0.0,3.25
std,2.592724864350674,0.23570226039551587,0.9428090415820632,0.7071067811865476,0.0,0.9428090415820635
