,AGE,FEMALE,RACE,ZIPINC_QRTL,DIED,LOS
25%,58.0,0.5714285714285714,1.2857142857142858,2.857142857142857,0.0,3.7142857142857144
50%,58.0,0.5714285714285714,1.2857142857142858,2.857142857142857,0.0,3.7142857142857144
75%,58.0,0.5714285714285714,1.2857142857142858,2.857142857142857,0.0,3.7142857142857144
count,1.0,1.0,1.0,1.0,1.0,1.0
max,58.0,0.5714285714285714,1.2857142857142858,2.857142857142857,0.0,3.7142857142857144
mean,58.0,0.5714285714285714,1.2857142857142858,2.857142857142857,0.0,3.7142857142857144
min,58.0,0.5714285714285714,1.2857142857142858,2.857142857142857,0.0,3.7142857142857144
std,,,,,,
