,AGE,FEMALE,RACE,ZIPINC_QRTL,DIED,LOS
25%,36.9719730941704,0.17600896860986548,1.657239819004525,2.346412556053812,0.0011210762331838565,5.709641255605381
50%,40.318385650224215,0.2040358744394619,1.753393665158371,2.508968609865471,0.002242152466367713,6.112107623318385
75%,43.399103139013455,0.265695067264574,1.920814479638009,2.649103139013453,0.005605381165919282,6.786995515695067
count,1.6681614349775784,1.663677130044843,1.6233183856502242,1.654708520179372,1.6681614349775784,1.6681614349775784
max,46.39013452914798,0.34080717488789236,2.1131221719457014,2.7713004484304933,0.008968609865470852,7.560538116591928
mean,40.14828101644245,0.2288490284005979,1.8061085972850677,2.492152466367713,0.0037369207772795215,6.301943198804185
min,33.79372197309417,0.14798206278026907,1.5701357466063348,2.192825112107623,0.0,5.260089686098655
std,17.241865317491303,0.2737092360063494,0.7606570107349538,0.8024935286594977,0.012844570503761733,3.0888721507696597
