,AGE,FEMALE,RACE,ZIPINC_QRTL,DIED,LOS
25%,55.68478260869565,0.38768115942028986,1.9889705882352942,2.791044776119403,0.0,4.4601449275362315
50%,56.64492753623188,0.427536231884058,2.0073529411764706,2.8358208955223883,0.0,4.688405797101449
75%,57.83695652173913,0.4601449275362319,2.0404411764705883,2.888059701492537,0.0,4.88768115942029
count,1.2753623188405796,1.2753623188405796,1.2608695652173914,1.2318840579710144,1.2753623188405796,1.2753623188405796
max,58.68115942028985,0.4782608695652174,2.1029411764705883,2.925373134328358,0.0,5.144927536231884
mean,56.68357487922705,0.4227053140096618,2.0230392156862744,2.8338308457711445,0.0,4.688405797101449
min,54.594202898550726,0.36231884057971014,1.9705882352941178,2.7313432835820897,0.0,4.260869565217392
std,15.004195665437534,0.4340274408443913,0.4653884696093254,0.7857594758236569,0.0,3.3017634031249905
