,AGE,FEMALE,RACE,ZIPINC_QRTL,DIED,LOS
25%,45.7125,0.3,1.3888888888888888,2.3875,0.0,4.4375
50%,46.375,0.3,1.3888888888888888,2.425,0.0,4.475
75%,47.0375,0.3,1.3888888888888888,2.4625,0.0,4.5125
count,1.15,1.15,1.05,1.15,1.15,1.15
max,47.7,0.3,1.3888888888888888,2.5,0.0,4.55
mean,46.375,0.3,1.3888888888888888,2.425,0.0,4.475
min,45.05,0.3,1.3888888888888888,2.35,0.0,4.4
std,12.49221980096234,0.0,0.0,0.7071067811865475,0.0,0.7071067811865475
