,AGE,FEMALE,RACE,ZIPINC_QRTL,DIED,LOS
25%,52.23076923076923,0.38461538461538464,2.7083333333333335,2.4615384615384617,0.0,4.0576923076923075
50%,52.61538461538461,0.38461538461538464,2.75,2.5384615384615383,0.0,4.115384615384615
75%,53.0,0.38461538461538464,2.7916666666666665,2.6153846153846154,0.0,4.173076923076923
count,1.1538461538461537,1.1538461538461537,1.0769230769230769,1.1538461538461537,1.1538461538461537,1.1538461538461537
max,53.38461538461539,0.38461538461538464,2.8333333333333335,2.6923076923076925,0.0,4.230769230769231
mean,52.61538461538461,0.38461538461538464,2.75,2.5384615384615383,0.0,4.115384615384615
min,51.84615384615385,0.38461538461538464,2.6666666666666665,2.3846153846153846,0.0,4.0
std,7.0710678118654755,0.0,0.7071067811865476,1.414213562373095,0.0,1.0606601717798212
