,AGE,FEMALE,RACE,ZIPINC_QRTL,DIED,LOS
25%,60.25,0.21428571428571427,1.569526627218935,2.6163793103448274,0.0,3.912857142857143
50%,61.30571428571429,0.2342857142857143,1.6183431952662721,2.7270114942528734,0.0,4.1571428571428575
75%,62.12428571428571,0.26857142857142857,1.6849112426035502,2.8405172413793105,0.005714285714285714,4.451428571428571
count,1.4457142857142857,1.4457142857142857,1.3885714285714286,1.4285714285714286,1.4457142857142857,1.4457142857142857
max,62.86857142857143,0.30857142857142855,1.7514792899408285,2.954022988505747,0.011428571428571429,4.7371428571428575
mean,61.15238095238095,0.24476190476190476,1.6301775147928994,2.725670498084291,0.0038095238095238095,4.192
min,59.28,0.19428571428571428,1.5207100591715976,2.4885057471264367,0.0,3.6857142857142855
std,7.066308833534354,0.2269295008601722,0.5056344414017703,0.9159898750197275,0.020257904182092133,2.1253008101344304
