,AGE,FEMALE,RACE,ZIPINC_QRTL,DIED,LOS
25%,28.62787356321839,0.37212643678160917,1.603658536585366,2.488372093023256,0.0,3.567528735632184
50%,30.7816091954023,0.4109195402298851,1.6920731707317074,2.5988372093023258,0.0,3.807471264367816
75%,33.32183908045977,0.45977011494252873,1.8323170731707317,2.7267441860465116,0.0,4.044540229885057
count,1.5229885057471264,1.5229885057471264,1.396551724137931,1.4885057471264367,1.5229885057471264,1.5229885057471264
max,35.804597701149426,0.5114942528735632,1.9695121951219512,2.86046511627907,0.0,4.281609195402299
mean,31.035919540229884,0.41810344827586204,1.7266260162601628,2.6114341085271318,0.0,3.8045977011494254
min,26.511494252873565,0.3333333333333333,1.5182926829268293,2.377906976744186,0.0,3.32183908045977
std,15.437746983020451,0.29721296930882823,0.8017626380050359,0.8116402413217473,0.0,1.5122707363244428
