,AGE,FEMALE,RACE,ZIPINC_QRTL,DIED,LOS
25%,21.657166123778502,0.32084690553745926,1.5304276315789473,2.1299019607843137,0.0,2.567589576547231
50%,27.65960912052117,0.4723127035830619,1.769736842105263,2.4199346405228757,0.0,3.076547231270358
75%,34.68648208469055,0.5960912052117264,2.1833881578947367,2.7736928104575163,0.0,3.813517915309446
count,2.785016286644951,2.785016286644951,2.6677524429967425,2.739413680781759,2.785016286644951,2.785016286644951
max,42.51791530944625,0.6938110749185668,2.713815789473684,3.1241830065359477,0.0,4.856677524429967
mean,28.545556072591904,0.4600602347345018,1.9105054302422726,2.4539500985579417,0.0,3.273045602605863
min,16.091205211726383,0.2182410423452769,1.3388157894736843,1.8235294117647058,0.0,2.029315960912052
std,18.232921600224614,0.3656137960901285,1.0065019229528631,0.9354797963976987,0.0,1.936312704419967
