,AGE,FEMALE,RACE,ZIPINC_QRTL,DIED,LOS
25%,54.92058823529412,0.2911764705882353,1.816568047337278,2.0716463414634148,0.0,2.763235294117647
50%,56.258823529411764,0.3382352941176471,1.9408284023668638,2.201219512195122,0.0,2.9529411764705884
75%,57.76176470588236,0.38235294117647056,2.091715976331361,2.3201219512195124,0.0,3.286764705882353
count,1.5176470588235293,1.511764705882353,1.5058823529411764,1.4470588235294117,1.5176470588235293,1.5176470588235293
max,59.247058823529414,0.4235294117647059,2.2366863905325443,2.432926829268293,0.0,3.623529411764706
mean,56.36274509803921,0.33627450980392154,1.9605522682445757,2.1935975609756095,0.0,3.05
min,53.56470588235294,0.24705882352941178,1.7100591715976332,1.9451219512195121,0.0,2.5764705882352943
std,9.713954504408632,0.30673720726954745,0.8681928888818885,0.8623308064907157,0.0,1.7877494384404033
