,AGE,FEMALE,RACE,ZIPINC_QRTL,DIED,LOS
25%,6.953488372093023,0.5872093023255814,1.7926829268292683,2.2674418604651163,0.0,3.546511627906977
50%,7.290697674418604,0.5930232558139535,1.8048780487804879,2.313953488372093,0.0,3.744186046511628
75%,7.598837209302325,0.5988372093023255,1.8170731707317074,2.3313953488372094,0.0,4.087209302325581
count,1.255813953488372,1.255813953488372,1.1162790697674418,1.255813953488372,1.255813953488372,1.255813953488372
max,7.906976744186046,0.6046511627906976,1.829268292682927,2.3488372093023258,0.0,4.441860465116279
mean,7.246124031007752,0.5930232558139535,1.8048780487804879,2.2887596899224807,0.0,3.8430232558139537
min,6.465116279069767,0.5813953488372093,1.7804878048780488,2.186046511627907,0.0,3.3488372093023258
std,4.634067821013026,0.08838834764831845,0.282842712474619,0.4668290016048118,0.0,3.8038751653347216
