,AGE,FEMALE,RACE,ZIPINC_QRTL,DIED,LOS
25%,24.076923076923077,0.6153846153846154,1.6923076923076923,1.8461538461538463,0.0,16.692307692307693
50%,24.076923076923077,0.6153846153846154,1.6923076923076923,1.8461538461538463,0.0,16.692307692307693
75%,24.076923076923077,0.6153846153846154,1.6923076923076923,1.8461538461538463,0.0,16.692307692307693
count,1.0,1.0,1.0,1.0,1.0,1.0
max,24.076923076923077,0.6153846153846154,1.6923076923076923,1.8461538461538463,0.0,16.692307692307693
mean,24.076923076923077,0.6153846153846154,1.6923076923076923,1.8461538461538463,0.0,16.692307692307693
min,24.076923076923077,0.6153846153846154,1.6923076923076923,1.8461538461538463,0.0,16.692307692307693
std,,,,,,
