,AGE,FEMALE,RACE,ZIPINC_QRTL,DIED,LOS
25%,57.45454545454545,0.2727272727272727,1.5454545454545454,2.7,0.0,6.2727272727272725
50%,57.45454545454545,0.2727272727272727,1.5454545454545454,2.7,0.0,6.2727272727272725
75%,57.45454545454545,0.2727272727272727,1.5454545454545454,2.7,0.0,6.2727272727272725
count,1.0,1.0,1.0,0.9090909090909091,1.0,1.0
max,57.45454545454545,0.2727272727272727,1.5454545454545454,2.7,0.0,6.2727272727272725
mean,57.45454545454545,0.2727272727272727,1.5454545454545454,2.7,0.0,6.2727272727272725
min,57.45454545454545,0.2727272727272727,1.5454545454545454,2.7,0.0,6.2727272727272725
std,,,,,,
