,AGE,FEMALE,RACE,ZIPINC_QRTL,DIED,LOS
25%,59.36363636363637,0.5454545454545454,1.7272727272727273,2.272727272727273,0.0,3.6363636363636362
50%,59.36363636363637,0.5454545454545454,1.7272727272727273,2.272727272727273,0.0,3.6363636363636362
75%,59.36363636363637,0.5454545454545454,1.7272727272727273,2.272727272727273,0.0,3.6363636363636362
count,1.0,1.0,1.0,1.0,1.0,1.0
max,59.36363636363637,0.5454545454545454,1.7272727272727273,2.272727272727273,0.0,3.6363636363636362
mean,59.36363636363637,0.5454545454545454,1.7272727272727273,2.272727272727273,0.0,3.6363636363636362
min,59.36363636363637,0.5454545454545454,1.7272727272727273,2.272727272727273,0.0,3.6363636363636362
std,,,,,,
