,AGE,FEMALE,RACE,ZIPINC_QRTL,DIED,LOS
25%,39.285714285714285,0.2857142857142857,2.142857142857143,2.2857142857142856,0.0,4.428571428571429
50%,39.285714285714285,0.2857142857142857,2.142857142857143,2.2857142857142856,0.0,4.428571428571429
75%,39.285714285714285,0.2857142857142857,2.142857142857143,2.2857142857142856,0.0,4.428571428571429
count,1.0,1.0,1.0,1.0,1.0,1.0
max,39.285714285714285,0.2857142857142857,2.142857142857143,2.2857142857142856,0.0,4.428571428571429
mean,39.285714285714285,0.2857142857142857,2.142857142857143,2.2857142857142856,0.0,4.428571428571429
min,39.285714285714285,0.2857142857142857,2.142857142857143,2.2857142857142856,0.0,4.428571428571429
std,,,,,,
