,AGE,FEMALE,RACE,ZIPINC_QRTL,DIED,LOS
25%,32.18023255813954,0.0,1.9817073170731707,2.232142857142857,0.0,5.087209302325581
50%,32.31395348837209,0.0,2.0121951219512195,2.25,0.0,5.151162790697675
75%,32.44767441860465,0.0,2.042682926829268,2.267857142857143,0.0,5.215116279069767
count,1.1162790697674418,1.1162790697674418,1.0465116279069768,1.069767441860465,1.1162790697674418,1.1162790697674418
max,32.58139534883721,0.0,2.073170731707317,2.2857142857142856,0.0,5.27906976744186
mean,32.31395348837209,0.0,2.0121951219512195,2.25,0.0,5.151162790697675
min,32.04651162790697,0.0,1.951219512195122,2.2142857142857144,0.0,5.023255813953488
std,3.2526911934581184,0.0,0.8838834764831844,0.5303300858899107,0.0,1.5556349186104046
