,AGE,FEMALE,RACE,ZIPINC_QRTL,DIED,LOS
25%,55.333333333333336,0.6666666666666666,2.0,1.6666666666666667,0.0,4.333333333333333
50%,55.333333333333336,0.6666666666666666,2.0,1.6666666666666667,0.0,4.333333333333333
75%,55.333333333333336,0.6666666666666666,2.0,1.6666666666666667,0.0,4.333333333333333
count,1.0,1.0,1.0,1.0,1.0,1.0
max,55.333333333333336,0.6666666666666666,2.0,1.6666666666666667,0.0,4.333333333333333
mean,55.333333333333336,0.6666666666666666,2.0,1.6666666666666667,0.0,4.333333333333333
min,55.333333333333336,0.6666666666666666,2.0,1.6666666666666667,0.0,4.333333333333333
std,,,,,,
