,AGE,FEMALE,RACE,ZIPINC_QRTL,DIED,LOS
25%,62.121212121212125,0.2878787878787879,2.7419354838709675,2.340909090909091,0.0,12.659090909090908
50%,62.75757575757576,0.3181818181818182,2.774193548387097,2.393939393939394,0.0,12.954545454545455
75%,63.39393939393939,0.3484848484848485,2.8306451612903225,2.446969696969697,0.0,13.295454545454545
count,1.2424242424242424,1.2424242424242424,1.1818181818181819,1.2424242424242424,1.2424242424242424,1.2424242424242424
max,63.878787878787875,0.36363636363636365,2.870967741935484,2.484848484848485,0.0,13.666666666666666
mean,62.75757575757576,0.3181818181818182,2.7849462365591395,2.388888888888889,0.0,12.97979797979798
min,61.63636363636363,0.2727272727272727,2.7096774193548385,2.272727272727273,0.0,12.333333333333334
std,12.152831116512854,0.4904840299695653,0.8362062260601281,0.9993680797990506,0.0,7.353003081386268
