,AGE,FEMALE,RACE,ZIPINC_QRTL,DIED,LOS
25%,49.36643835616438,1.0,1.8964285714285714,2.4178082191780823,0.0136986301369863,3.0273972602739727
50%,49.5,1.0,1.9357142857142857,2.452054794520548,0.0136986301369863,3.0547945205479454
75%,49.613013698630134,1.0,1.9964285714285714,2.493150684931507,0.0136986301369863,3.0753424657534247
count,1.1369863013698631,1.1232876712328768,1.095890410958904,1.1369863013698631,1.1369863013698631,1.1369863013698631
max,49.726027397260275,1.0,2.057142857142857,2.5342465753424657,0.0136986301369863,3.095890410958904
mean,49.486301369863014,1.0,1.95,2.4566210045662102,0.0136986301369863,3.050228310502283
min,49.23287671232877,1.0,1.8571428571428572,2.3835616438356166,0.0136986301369863,3.0
std,2.6790719922082076,0.0,1.0566917111801,0.7982643867938141,0.0,0.5355545507009901
