,AGE,FEMALE,RACE,ZIPINC_QRTL,DIED,LOS
25%,33.5,0.16666666666666666,2.0,2.6666666666666665,0.0,3.8333333333333335
50%,33.5,0.16666666666666666,2.0,2.6666666666666665,0.0,3.8333333333333335
75%,33.5,0.16666666666666666,2.0,2.6666666666666665,0.0,3.8333333333333335
count,1.1666666666666667,1.1666666666666667,1.0,1.1666666666666667,1.1666666666666667,1.1666666666666667
max,33.5,0.16666666666666666,2.0,2.6666666666666665,0.0,3.8333333333333335
mean,33.5,0.16666666666666666,2.0,2.6666666666666665,0.0,3.8333333333333335
min,33.5,0.16666666666666666,2.0,2.6666666666666665,0.0,3.8333333333333335
std,0.0,0.0,0.0,0.0,0.0,0.0
