,AGE,FEMALE,RACE,ZIPINC_QRTL,DIED,LOS
25%,33.075471698113205,0.330188679245283,2.0,2.25,0.0,3.0707547169811322
50%,33.867924528301884,0.33962264150943394,2.056603773584906,2.292452830188679,0.0,3.0849056603773586
75%,34.660377358490564,0.3490566037735849,2.1132075471698113,2.3349056603773586,0.0,3.099056603773585
count,1.0943396226415094,1.0943396226415094,1.0943396226415094,1.0943396226415094,1.0943396226415094,1.0943396226415094
max,35.45283018867924,0.3584905660377358,2.169811320754717,2.3773584905660377,0.0,3.1132075471698113
mean,33.867924528301884,0.33962264150943394,2.056603773584906,2.292452830188679,0.0,3.0849056603773586
min,32.283018867924525,0.32075471698113206,1.9433962264150944,2.207547169811321,0.0,3.056603773584906
std,23.758787847867996,0.282842712474619,1.6970562748477143,1.2727922061357855,0.0,0.42426406871192857
