,AGE,FEMALE,RACE,ZIPINC_QRTL,DIED,LOS
25%,49.285714285714285,0.29464285714285715,1.4642857142857142,2.685185185185185,0.03571428571428571,21.151785714285715
50%,49.75,0.30357142857142855,1.4642857142857142,2.7037037037037037,0.03571428571428571,21.196428571428573
75%,50.214285714285715,0.3125,1.4642857142857142,2.7222222222222223,0.03571428571428571,21.241071428571427
count,1.0357142857142858,1.0357142857142858,1.0357142857142858,1.0,1.0357142857142858,1.0357142857142858
max,50.67857142857143,0.32142857142857145,1.4642857142857142,2.740740740740741,0.03571428571428571,21.285714285714285
mean,49.75,0.30357142857142855,1.4642857142857142,2.7037037037037037,0.03571428571428571,21.196428571428573
min,48.82142857142857,0.2857142857142857,1.4642857142857142,2.6666666666666665,0.03571428571428571,21.107142857142858
std,36.76955262170047,0.7071067811865476,0.0,1.4142135623730951,0.0,3.5355339059327378
