,AGE,FEMALE,RACE,ZIPINC_QRTL,DIED,LOS
25%,34.07692307692308,0.625,1.7884615384615385,2.951923076923077,0.0,3.375
50%,34.65384615384615,0.6346153846153846,1.8076923076923077,2.980769230769231,0.0,3.4038461538461537
75%,35.23076923076923,0.6442307692307693,1.8269230769230769,3.0096153846153846,0.0,3.4326923076923075
count,1.0769230769230769,1.0769230769230769,1.0769230769230769,1.0769230769230769,1.0769230769230769,1.0769230769230769
max,35.80769230769231,0.6538461538461539,1.8461538461538463,3.0384615384615383,0.0,3.4615384615384617
mean,34.65384615384615,0.6346153846153846,1.8076923076923077,2.980769230769231,0.0,3.4038461538461537
min,33.5,0.6153846153846154,1.7692307692307692,2.923076923076923,0.0,3.3461538461538463
std,21.213203435596427,0.3535533905932738,0.7071067811865476,1.0606601717798214,0.0,1.0606601717798214
