,AGE,FEMALE,RACE,ZIPINC_QRTL,DIED,LOS
25%,33.0,1.0,2.0,2.3333333333333335,0.0,2.0
50%,33.0,1.0,2.0,2.3333333333333335,0.0,2.0
75%,33.0,1.0,2.0,2.3333333333333335,0.0,2.0
count,1.0,1.0,1.0,1.0,1.0,1.0
max,33.0,1.0,2.0,2.3333333333333335,0.0,2.0
mean,33.0,1.0,2.0,2.3333333333333335,0.0,2.0
min,33.0,1.0,2.0,2.3333333333333335,0.0,2.0
std,,,,,,
