,AGE,FEMALE,RACE,ZIPINC_QRTL,DIED,LOS
25%,55.53333333333333,0.6,1.8666666666666667,2.1333333333333333,0.0,2.8666666666666667
50%,55.53333333333333,0.6,1.8666666666666667,2.1333333333333333,0.0,2.8666666666666667
75%,55.53333333333333,0.6,1.8666666666666667,2.1333333333333333,0.0,2.8666666666666667
count,1.0,1.0,1.0,1.0,1.0,1.0
max,55.53333333333333,0.6,1.8666666666666667,2.1333333333333333,0.0,2.8666666666666667
mean,55.53333333333333,0.6,1.8666666666666667,2.1333333333333333,0.0,2.8666666666666667
min,55.53333333333333,0.6,1.8666666666666667,2.1333333333333333,0.0,2.8666666666666667
std,,,,,,
