,AGE,FEMALE,RACE,ZIPINC_QRTL,DIED,LOS
25%,62.375,0.44642857142857145,1.3571428571428572,2.607142857142857,0.0,5.875
50%,62.464285714285715,0.4642857142857143,1.3571428571428572,2.642857142857143,0.0,5.892857142857143
75%,62.55357142857143,0.48214285714285715,1.3571428571428572,2.6785714285714284,0.0,5.910714285714286
count,1.0714285714285714,1.0714285714285714,1.0714285714285714,1.0714285714285714,1.0714285714285714,1.0714285714285714
max,62.642857142857146,0.5,1.3571428571428572,2.7142857142857144,0.0,5.928571428571429
mean,62.464285714285715,0.4642857142857143,1.3571428571428572,2.642857142857143,0.0,5.892857142857143
min,62.285714285714285,0.42857142857142855,1.3571428571428572,2.5714285714285716,0.0,5.857142857142857
std,3.5355339059327378,0.7071067811865476,0.0,1.4142135623730951,0.0,0.7071067811865476
