,AGE,FEMALE,RACE,ZIPINC_QRTL,DIED,LOS
25%,37.60057471264368,0.15804597701149425,1.1314655172413792,1.8800287356321839,0.0,4.790948275862069
50%,50.76293103448276,0.4956896551724138,1.3721264367816093,2.5330459770114944,0.0,5.918103448275862
75%,60.04094827586207,0.8405172413793104,2.0150862068965516,3.1386494252873565,0.0,10.181752873563218
count,7.227011494252873,7.221264367816092,6.931034482758621,7.112068965517241,7.227011494252873,7.227011494252873
max,68.94540229885058,0.9511494252873564,3.3994252873563218,3.6982758620689653,0.014367816091954023,24.522988505747126
mean,47.575015711399466,0.4904173977553406,1.7337791655645558,2.5093641252795065,0.0018780070504208436,9.106664401374218
min,18.658045977011493,0.020114942528735632,1.0344827586206897,1.3132183908045978,0.0,3.543103448275862
std,19.45452901125442,0.48514308079430396,1.0150443163383251,1.0017244572994963,0.0051802441401418335,8.110804618154976
