,AGE,FEMALE,RACE,ZIPINC_QRTL,DIED,LOS
25%,37.333333333333336,1.0,2.3333333333333335,2.0,0.0,3.0
50%,37.333333333333336,1.0,2.3333333333333335,2.0,0.0,3.0
75%,37.333333333333336,1.0,2.3333333333333335,2.0,0.0,3.0
count,1.0,1.0,1.0,0.6666666666666666,1.0,1.0
max,37.333333333333336,1.0,2.3333333333333335,2.0,0.0,3.0
mean,37.333333333333336,1.0,2.3333333333333335,2.0,0.0,3.0
min,37.333333333333336,1.0,2.3333333333333335,2.0,0.0,3.0
std,,,,,,
