,AGE,FEMALE,RACE,ZIPINC_QRTL,DIED,LOS
25%,28.575757575757574,0.45454545454545453,2.21875,2.962121212121212,0.0,2.8333333333333335
50%,28.78787878787879,0.45454545454545453,2.25,3.015151515151515,0.0,2.878787878787879
75%,28.96969696969697,0.4696969696969697,2.265625,3.037878787878788,0.0,2.9242424242424243
count,1.121212121212121,1.121212121212121,1.0909090909090908,1.121212121212121,1.121212121212121,1.121212121212121
max,29.151515151515152,0.48484848484848486,2.28125,3.0606060606060606,0.0,2.9696969696969697
mean,28.767676767676768,0.46464646464646464,2.2395833333333335,2.994949494949495,0.0,2.878787878787879
min,28.363636363636363,0.45454545454545453,2.1875,2.909090909090909,0.0,2.787878787878788
std,5.448977151943976,0.1924500897298753,0.5091750772173156,1.092006960646298,0.0,1.414213562373095
