,AGE,FEMALE,RACE,ZIPINC_QRTL,DIED,LOS
25%,54.583333333333336,0.20833333333333334,1.7083333333333333,2.125,0.0,4.291666666666667
50%,55.666666666666664,0.25,1.75,2.25,0.0,4.75
75%,56.75,0.2916666666666667,1.7916666666666667,2.375,0.0,5.208333333333333
count,1.1666666666666667,1.1666666666666667,1.1666666666666667,1.1666666666666667,1.1666666666666667,1.1666666666666667
max,57.833333333333336,0.3333333333333333,1.8333333333333333,2.5,0.0,5.666666666666667
mean,55.666666666666664,0.25,1.75,2.25,0.0,4.75
min,53.5,0.16666666666666666,1.6666666666666667,2.0,0.0,3.8333333333333335
std,18.384776310850235,0.7071067811865476,0.7071067811865476,2.1213203435596424,0.0,7.7781745930520225
