,AGE,FEMALE,RACE,ZIPINC_QRTL,DIED,LOS
25%,22.565217391304348,0.43478260869565216,2.142857142857143,2.6818181818181817,0.0,5.086956521739131
50%,22.565217391304348,0.43478260869565216,2.142857142857143,2.6818181818181817,0.0,5.086956521739131
75%,22.565217391304348,0.43478260869565216,2.142857142857143,2.6818181818181817,0.0,5.086956521739131
count,1.0,1.0,0.9130434782608695,0.9565217391304348,1.0,1.0
max,22.565217391304348,0.43478260869565216,2.142857142857143,2.6818181818181817,0.0,5.086956521739131
mean,22.565217391304348,0.43478260869565216,2.142857142857143,2.6818181818181817,0.0,5.086956521739131
min,22.565217391304348,0.43478260869565216,2.142857142857143,2.6818181818181817,0.0,5.086956521739131
std,,,,,,
