,AGE,FEMALE,RACE,ZIPINC_QRTL,DIED,LOS
25%,32.55,0.48333333333333334,1.7777777777777777,2.7758620689655173,0.0,2.7666666666666666
50%,32.7,0.5,1.7777777777777777,2.793103448275862,0.0,2.8
75%,32.88333333333333,0.5,1.7962962962962963,2.793103448275862,0.0,3.0166666666666666
count,1.1,1.1,1.0,1.0666666666666667,1.1,1.1
max,33.06666666666667,0.5,1.8148148148148149,2.793103448275862,0.0,3.2333333333333334
mean,32.72222222222222,0.4888888888888889,1.7901234567901236,2.7816091954022992,0.0,2.9222222222222225
min,32.4,0.4666666666666667,1.7777777777777777,2.7586206896551726,0.0,2.7333333333333334
std,6.05214538435632,0.2886751345948129,0.2886751345948129,0.2886751345948129,0.0,4.0722639076235385
