,AGE,FEMALE,RACE,ZIPINC_QRTL,DIED,LOS
25%,65.14285714285714,0.2857142857142857,2.0,2.0,0.0,3.4285714285714284
50%,65.14285714285714,0.2857142857142857,2.0,2.0,0.0,3.4285714285714284
75%,65.14285714285714,0.2857142857142857,2.0,2.0,0.0,3.4285714285714284
count,1.0,1.0,1.0,1.0,1.0,1.0
max,65.14285714285714,0.2857142857142857,2.0,2.0,0.0,3.4285714285714284
mean,65.14285714285714,0.2857142857142857,2.0,2.0,0.0,3.4285714285714284
min,65.14285714285714,0.2857142857142857,2.0,2.0,0.0,3.4285714285714284
std,,,,,,
