,AGE,FEMALE,RACE,ZIPINC_QRTL,DIED,LOS
25%,59.65340909090909,0.5738636363636364,1.3238636363636365,2.011904761904762,0.0,4.528409090909091
50%,59.80681818181818,0.5795454545454546,1.3295454545454546,2.0238095238095237,0.0,4.534090909090909
75%,59.96022727272727,0.5852272727272727,1.3352272727272727,2.0357142857142856,0.0,4.5397727272727275
count,1.0681818181818181,1.0681818181818181,1.0681818181818181,1.0227272727272727,1.0681818181818181,1.0681818181818181
max,60.11363636363637,0.5909090909090909,1.3409090909090908,2.0476190476190474,0.0,4.545454545454546
mean,59.80681818181818,0.5795454545454546,1.3295454545454546,2.0238095238095237,0.0,4.534090909090909
min,59.5,0.5681818181818182,1.3181818181818181,2.0,0.0,4.5227272727272725
std,6.363961030678927,0.23570226039551587,0.23570226039551587,0.47140452079103173,0.0,0.23570226039551587
