,AGE,FEMALE,RACE,ZIPINC_QRTL,DIED,LOS
25%,57.82608695652174,0.32065217391304346,1.4545454545454546,2.6444444444444444,0.0,5.163043478260869
50%,58.17391304347826,0.33695652173913043,1.4545454545454546,2.6666666666666665,0.0,5.239130434782608
75%,58.52173913043478,0.3423913043478261,1.4886363636363635,2.6777777777777776,0.0,5.282608695652174
count,1.108695652173913,1.108695652173913,1.065217391304348,1.0869565217391304,1.108695652173913,1.108695652173913
max,58.869565217391305,0.34782608695652173,1.5227272727272727,2.688888888888889,0.0,5.326086956521739
mean,58.17391304347826,0.3297101449275362,1.4772727272727273,2.6592592592592594,0.0,5.217391304347826
min,57.47826086956522,0.30434782608695654,1.4545454545454546,2.6222222222222222,0.0,5.086956521739131
std,11.106601717798213,0.32111426259404335,0.4330127018922193,0.4978909578906803,0.0,1.8472262642653143
