,AGE,FEMALE,RACE,ZIPINC_QRTL,DIED,LOS
25%,7.056034482758621,0.03017241379310345,1.1817528735632183,1.7406609195402298,0.0,2.719109195402299
50%,12.666666666666666,0.2600574712643678,1.7658045977011494,2.5086206896551726,0.0,3.4626436781609193
75%,24.4066091954023,0.8333333333333334,2.6307471264367814,3.269396551724138,0.0,4.501436781609195
count,14.163793103448276,14.160919540229886,13.505747126436782,13.905172413793103,14.158045977011493,14.163793103448276
max,55.75,0.9770114942528736,4.566091954022989,3.8879310344827585,0.005747126436781609,16.235632183908045
mean,18.400907991658073,0.40959341815892053,2.1137098881532888,2.5052609104442887,0.000646551724137931,4.535684254598276
min,2.531609195402299,0.0,1.0373563218390804,1.1436781609195403,0.0,1.396551724137931
std,17.427716193439412,0.4890705369922726,1.2818098897790804,1.0497666689343799,0.0019470382459596271,4.040472448527777
