,AGE,FEMALE,RACE,ZIPINC_QRTL,DIED,LOS
25%,69.1484375,0.7890625,1.59375,2.6328125,0.0,2.8125
50%,69.421875,0.796875,1.59375,2.671875,0.0,2.84375
75%,69.6953125,0.8046875,1.59375,2.7109375,0.0,2.875
count,1.15625,1.15625,1.15625,1.15625,1.15625,1.15625
max,69.96875,0.8125,1.59375,2.75,0.0,2.90625
mean,69.421875,0.796875,1.59375,2.671875,0.0,2.84375
min,68.875,0.78125,1.59375,2.59375,0.0,2.78125
std,4.949747468305833,0.1414213562373095,0.0,0.7071067811865475,0.0,0.565685424949238
