,AGE,FEMALE,RACE,ZIPINC_QRTL,DIED,LOS
25%,59.0,0.5714285714285714,2.0,2.4285714285714284,0.0,3.4285714285714284
50%,59.0,0.5714285714285714,2.0,2.4285714285714284,0.0,3.4285714285714284
75%,59.0,0.5714285714285714,2.0,2.4285714285714284,0.0,3.4285714285714284
count,1.0,1.0,1.0,1.0,1.0,1.0
max,59.0,0.5714285714285714,2.0,2.4285714285714284,0.0,3.4285714285714284
mean,59.0,0.5714285714285714,2.0,2.4285714285714284,0.0,3.4285714285714284
min,59.0,0.5714285714285714,2.0,2.4285714285714284,0.0,3.4285714285714284
std,,,,,,
