,AGE,FEMALE,RACE,ZIPINC_QRTL,DIED,LOS
25%,27.0,0.3333333333333333,1.3636363636363635,2.5454545454545454,0.0,3.4166666666666665
50%,27.0,0.3333333333333333,1.3636363636363635,2.5454545454545454,0.0,3.4166666666666665
75%,27.0,0.3333333333333333,1.3636363636363635,2.5454545454545454,0.0,3.4166666666666665
count,1.0,1.0,0.9166666666666666,0.9166666666666666,1.0,1.0
max,27.0,0.3333333333333333,1.3636363636363635,2.5454545454545454,0.0,3.4166666666666665
mean,27.0,0.3333333333333333,1.3636363636363635,2.5454545454545454,0.0,3.4166666666666665
min,27.0,0.3333333333333333,1.3636363636363635,2.5454545454545454,0.0,3.4166666666666665
std,,,,,,
