,AGE,FEMALE,RACE,ZIPINC_QRTL,DIED,LOS
25%,60.84375,0.5,1.875,2.765625,0.0625,5.1875
50%,60.9375,0.5,1.875,2.78125,0.0625,5.1875
75%,61.03125,0.5,1.875,2.796875,0.0625,5.1875
count,1.0625,1.0625,1.0625,1.0625,1.0625,1.0625
max,61.125,0.5,1.875,2.8125,0.0625,5.1875
mean,60.9375,0.5,1.875,2.78125,0.0625,5.1875
min,60.75,0.5,1.875,2.75,0.0625,5.1875
std,4.242640687119285,0.0,0.0,0.7071067811865476,0.0,0.0
