,AGE,FEMALE,RACE,ZIPINC_QRTL,DIED,LOS
25%,56.51704545454545,0.2727272727272727,1.75,1.9534883720930232,0.0,5.278409090909091
50%,56.55681818181818,0.2727272727272727,1.7619047619047619,1.9534883720930232,0.0,5.284090909090909
75%,56.59659090909091,0.2727272727272727,1.7738095238095237,1.9534883720930232,0.0,5.2897727272727275
count,1.0227272727272727,1.0227272727272727,0.9772727272727273,1.0,1.0227272727272727,1.0227272727272727
max,56.63636363636363,0.2727272727272727,1.7857142857142858,1.9534883720930232,0.0,5.295454545454546
mean,56.55681818181818,0.2727272727272727,1.7619047619047619,1.9534883720930232,0.0,5.284090909090909
min,56.47727272727273,0.2727272727272727,1.7380952380952381,1.9534883720930232,0.0,5.2727272727272725
std,4.949747468305833,0.0,1.4142135623730951,0.0,0.0,0.7071067811865476
