,AGE,FEMALE,RACE,ZIPINC_QRTL,DIED,LOS
25%,18.0,0.07692307692307693,1.6153846153846154,2.6923076923076925,0.0,5.211538461538462
50%,18.0,0.07692307692307693,1.6153846153846154,2.6923076923076925,0.0,5.269230769230769
75%,18.0,0.07692307692307693,1.6153846153846154,2.6923076923076925,0.0,5.326923076923077
count,1.0769230769230769,1.0769230769230769,1.0769230769230769,1.0769230769230769,1.0769230769230769,1.0769230769230769
max,18.0,0.07692307692307693,1.6153846153846154,2.6923076923076925,0.0,5.384615384615385
mean,18.0,0.07692307692307693,1.6153846153846154,2.6923076923076925,0.0,5.269230769230769
min,18.0,0.07692307692307693,1.6153846153846154,2.6923076923076925,0.0,5.153846153846154
std,0.0,0.0,0.0,0.0,0.0,2.1213203435596424
