,AGE,FEMALE,RACE,ZIPINC_QRTL,DIED,LOS
25%,28.925373134328357,0.3656716417910448,1.9765625,2.246153846153846,0.0,4.17910447761194
50%,29.28358208955224,0.3880597014925373,2.0,2.276923076923077,0.0,4.298507462686567
75%,29.64179104477612,0.41044776119402987,2.0234375,2.3076923076923075,0.0,4.417910447761194
count,1.1044776119402986,1.1044776119402986,1.0597014925373134,1.0597014925373134,1.1044776119402986,1.1044776119402986
max,30.0,0.43283582089552236,2.046875,2.3384615384615386,0.0,4.537313432835821
mean,29.28358208955224,0.3880597014925373,2.0,2.276923076923077,0.0,4.298507462686567
min,28.567164179104477,0.34328358208955223,1.953125,2.2153846153846155,0.0,4.059701492537314
std,9.697464427701224,0.6060915267313265,0.6060915267313264,0.9428090415820632,0.0,3.232488142567074
