,AGE,FEMALE,RACE,ZIPINC_QRTL,DIED,LOS
25%,29.35,0.3333333333333333,2.2857142857142856,2.0,0.0,3.466666666666667
50%,29.366666666666667,0.3333333333333333,2.2857142857142856,2.0,0.0,3.466666666666667
75%,29.383333333333333,0.3333333333333333,2.2857142857142856,2.0,0.0,3.466666666666667
count,1.0666666666666667,1.0666666666666667,0.9333333333333333,1.0666666666666667,1.0666666666666667,1.0666666666666667
max,29.4,0.3333333333333333,2.2857142857142856,2.0,0.0,3.466666666666667
mean,29.366666666666667,0.3333333333333333,2.2857142857142856,2.0,0.0,3.466666666666667
min,29.333333333333332,0.3333333333333333,2.2857142857142856,2.0,0.0,3.466666666666667
std,0.7071067811865476,0.0,,0.0,0.0,0.0
