,AGE,FEMALE,RACE,ZIPINC_QRTL,DIED,LOS
25%,59.35294117647059,0.11764705882352941,2.7058823529411766,2.176470588235294,0.0,3.411764705882353
50%,59.35294117647059,0.11764705882352941,2.7058823529411766,2.176470588235294,0.0,3.411764705882353
75%,59.35294117647059,0.11764705882352941,2.7058823529411766,2.176470588235294,0.0,3.411764705882353
count,1.0,1.0,1.0,1.0,1.0,1.0
max,59.35294117647059,0.11764705882352941,2.7058823529411766,2.176470588235294,0.0,3.411764705882353
mean,59.35294117647059,0.11764705882352941,2.7058823529411766,2.176470588235294,0.0,3.411764705882353
min,59.35294117647059,0.11764705882352941,2.7058823529411766,2.176470588235294,0.0,3.411764705882353
std,,,,,,
