,AGE,FEMALE,RACE,ZIPINC_QRTL,DIED,LOS
25%,23.36764705882353,0.19117647058823528,1.9,2.514705882352941,0.0,3.338235294117647
50%,23.441176470588236,0.20588235294117646,1.9333333333333333,2.5588235294117645,0.0,3.4411764705882355
75%,23.514705882352942,0.22058823529411764,1.9666666666666666,2.6029411764705883,0.0,3.5441176470588234
count,1.2352941176470589,1.2352941176470589,1.0588235294117647,1.2352941176470589,1.2352941176470589,1.2352941176470589
max,23.58823529411765,0.23529411764705882,2.0,2.6470588235294117,0.0,3.6470588235294117
mean,23.441176470588236,0.20588235294117646,1.9333333333333333,2.5588235294117645,0.0,3.4411764705882355
min,23.294117647058822,0.17647058823529413,1.8666666666666667,2.4705882352941178,0.0,3.235294117647059
std,0.8838834764831844,0.1767766952966369,0.47140452079103173,0.5303300858899106,0.0,1.2374368670764582
