,AGE,FEMALE,RACE,ZIPINC_QRTL,DIED,LOS
25%,44.871428571428574,0.5107142857142857,1.457142857142857,2.0551470588235294,0.014285714285714285,3.882142857142857
50%,46.142857142857146,0.5357142857142857,1.4714285714285715,2.0808823529411766,0.014285714285714285,3.95
75%,47.02142857142857,0.5535714285714286,1.4928571428571429,2.136029411764706,0.014285714285714285,4.010714285714286
count,1.1714285714285715,1.1714285714285715,1.1714285714285715,1.1428571428571428,1.1714285714285715,1.1714285714285715
max,47.9,0.5714285714285714,1.5142857142857142,2.1911764705882355,0.014285714285714285,4.071428571428571
mean,45.88095238095238,0.530952380952381,1.476190476190476,2.1004901960784315,0.014285714285714285,3.9452380952380954
min,43.6,0.4857142857142857,1.4428571428571428,2.0294117647058822,0.014285714285714285,3.8142857142857145
std,19.92077512908786,0.42815235012539116,0.3495849299935525,0.7605483314101379,0.0,1.2733778181203579
