,AGE,FEMALE,RACE,ZIPINC_QRTL,DIED,LOS
25%,59.0,0.44,2.1666666666666665,3.12,0.0,4.28
50%,59.0,0.44,2.1666666666666665,3.12,0.0,4.28
75%,59.0,0.44,2.1666666666666665,3.12,0.0,4.28
count,1.0,1.0,0.96,1.0,1.0,1.0
max,59.0,0.44,2.1666666666666665,3.12,0.0,4.28
mean,59.0,0.44,2.1666666666666665,3.12,0.0,4.28
min,59.0,0.44,2.1666666666666665,3.12,0.0,4.28
std,,,,,,
