,AGE,FEMALE,RACE,ZIPINC_QRTL,DIED,LOS
25%,25.853146853146853,0.3776223776223776,1.7285714285714286,2.2746478873239435,0.0,2.8986013986013988
50%,27.863636363636363,0.43356643356643354,1.825,2.359154929577465,0.0,3.1083916083916083
75%,29.854895104895103,0.46678321678321677,1.9267857142857143,2.464788732394366,0.0,3.3164335664335662
count,1.4965034965034965,1.4895104895104896,1.4405594405594406,1.4685314685314685,1.4965034965034965,1.4965034965034965
max,31.65034965034965,0.5034965034965035,2.0285714285714285,2.584507042253521,0.0,3.5174825174825175
mean,27.86072261072261,0.4178321678321678,1.8267857142857142,2.3755868544600935,0.0,3.107808857808858
min,24.097902097902097,0.3146853146853147,1.6214285714285714,2.1901408450704225,0.0,2.699300699300699
std,13.457045536092814,0.3469024250293257,0.7470711681257383,0.7275917662331091,0.0,1.4384728588535418
