,AGE,FEMALE,RACE,ZIPINC_QRTL,DIED,LOS
25%,65.38888888888889,0.5555555555555556,1.8888888888888888,2.111111111111111,0.0,4.055555555555555
50%,65.38888888888889,0.5555555555555556,1.8888888888888888,2.111111111111111,0.0,4.055555555555555
75%,65.38888888888889,0.5555555555555556,1.8888888888888888,2.111111111111111,0.0,4.055555555555555
count,1.0,1.0,1.0,1.0,1.0,1.0
max,65.38888888888889,0.5555555555555556,1.8888888888888888,2.111111111111111,0.0,4.055555555555555
mean,65.38888888888889,0.5555555555555556,1.8888888888888888,2.111111111111111,0.0,4.055555555555555
min,65.38888888888889,0.5555555555555556,1.8888888888888888,2.111111111111111,0.0,4.055555555555555
std,,,,,,
