,AGE,FEMALE,RACE,ZIPINC_QRTL,DIED,LOS
25%,56.7,0.6,2.95,2.1052631578947367,0.0,3.8
50%,56.7,0.6,2.95,2.1052631578947367,0.0,3.8
75%,56.7,0.6,2.95,2.1052631578947367,0.0,3.8
count,1.0,1.0,1.0,0.95,1.0,1.0
max,56.7,0.6,2.95,2.1052631578947367,0.0,3.8
mean,56.7,0.6,2.95,2.1052631578947367,0.0,3.8
min,56.7,0.6,2.95,2.1052631578947367,0.0,3.8
std,,,,,,
