,AGE,FEMALE,RACE,ZIPINC_QRTL,DIED,LOS
25%,57.22222222222222,1.0,1.7777777777777777,2.0,0.0,2.7777777777777777
50%,57.22222222222222,1.0,1.7777777777777777,2.0,0.0,2.7777777777777777
75%,57.22222222222222,1.0,1.7777777777777777,2.0,0.0,2.7777777777777777
count,1.0,1.0,1.0,1.0,1.0,1.0
max,57.22222222222222,1.0,1.7777777777777777,2.0,0.0,2.7777777777777777
mean,57.22222222222222,1.0,1.7777777777777777,2.0,0.0,2.7777777777777777
min,57.22222222222222,1.0,1.7777777777777777,2.0,0.0,2.7777777777777777
std,,,,,,
