,AGE,FEMALE,RACE,ZIPINC_QRTL,DIED,LOS
25%,10.0,1.0,1.0,2.6666666666666665,0.0,1.0
50%,10.0,1.0,1.0,2.6666666666666665,0.0,1.0
75%,10.0,1.0,1.0,2.6666666666666665,0.0,1.0
count,1.0,1.0,1.0,1.0,1.0,1.0
max,10.0,1.0,1.0,2.6666666666666665,0.0,1.0
mean,10.0,1.0,1.0,2.6666666666666665,0.0,1.0
min,10.0,1.0,1.0,2.6666666666666665,0.0,1.0
std,,,,,,
