,AGE,FEMALE,RACE,ZIPINC_QRTL,DIED,LOS
25%,15.38978494623656,0.3346774193548387,1.770949720670391,2.431318681318681,0.005376344086021506,2.372311827956989
50%,16.9247311827957,0.3709677419354839,1.8826815642458101,2.5741758241758244,0.005376344086021506,2.5188172043010755
75%,18.956989247311828,0.40591397849462363,2.026536312849162,2.6881868131868134,0.005376344086021506,2.6975806451612905
count,1.5161290322580645,1.5161290322580645,1.4301075268817205,1.478494623655914,1.5161290322580645,1.5161290322580645
max,21.118279569892472,0.44086021505376344,2.1564245810055866,2.802197802197802,0.005376344086021506,2.913978494623656
mean,17.265232974910393,0.3700716845878136,1.8992551210428303,2.5610805860805863,0.005376344086021506,2.5492831541218637
min,13.844086021505376,0.3010752688172043,1.6536312849162011,2.318681318681319,0.005376344086021506,2.2311827956989245
std,12.93943153728565,0.2575357597939953,0.9651213864987119,0.900819689965574,0.0,1.2278582451565236
