,AGE,FEMALE,RACE,ZIPINC_QRTL,DIED,LOS
25%,50.953125,0.5625,1.375,2.5625,0.0,5.109375
50%,50.96875,0.5625,1.375,2.5625,0.0,5.21875
75%,50.984375,0.5625,1.375,2.5625,0.0,5.328125
count,1.0625,1.0625,1.0625,1.0625,1.0625,1.0625
max,51.0,0.5625,1.375,2.5625,0.0,5.4375
mean,50.96875,0.5625,1.375,2.5625,0.0,5.21875
min,50.9375,0.5625,1.375,2.5625,0.0,5.0
std,0.7071067811865476,0.0,0.0,0.0,0.0,4.949747468305833
