,AGE,FEMALE,RACE,ZIPINC_QRTL,DIED,LOS
25%,29.8,0.3,2.011111111111111,2.2944444444444443,0.0,3.7888888888888888
50%,30.933333333333334,0.3111111111111111,2.0444444444444443,2.3222222222222224,0.0,3.977777777777778
75%,32.06666666666667,0.32222222222222224,2.077777777777778,2.35,0.0,4.166666666666667
count,1.1333333333333333,1.1333333333333333,1.1333333333333333,1.1111111111111112,1.1333333333333333,1.1333333333333333
max,33.2,0.3333333333333333,2.111111111111111,2.3777777777777778,0.0,4.355555555555555
mean,30.933333333333334,0.3111111111111111,2.0444444444444443,2.3222222222222224,0.0,3.977777777777778
min,28.666666666666668,0.28888888888888886,1.9777777777777779,2.2666666666666666,0.0,3.6
std,24.041630560342615,0.23570226039551587,0.7071067811865476,0.7071067811865476,0.0,4.006938426723769
