,AGE,FEMALE,RACE,ZIPINC_QRTL,DIED,LOS
25%,11.208333333333334,0.08333333333333333,1.3333333333333333,2.375,0.0,3.8333333333333335
50%,11.25,0.08333333333333333,1.3333333333333333,2.4166666666666665,0.0,3.9166666666666665
75%,11.291666666666666,0.08333333333333333,1.3333333333333333,2.4583333333333335,0.0,4.0
count,1.25,1.25,1.25,1.25,1.25,1.25
max,11.333333333333334,0.08333333333333333,1.3333333333333333,2.5,0.0,4.083333333333333
mean,11.25,0.08333333333333333,1.3333333333333333,2.4166666666666665,0.0,3.9166666666666665
min,11.166666666666666,0.08333333333333333,1.3333333333333333,2.3333333333333335,0.0,3.75
std,0.47140452079103173,0.0,0.0,0.47140452079103173,0.0,0.9428090415820632
