,AGE,FEMALE,RACE,ZIPINC_QRTL,DIED,LOS
25%,52.333333333333336,0.5,2.0,1.8333333333333333,0.0,2.1666666666666665
50%,52.333333333333336,0.5,2.0,1.8333333333333333,0.0,2.1666666666666665
75%,52.333333333333336,0.5,2.0,1.8333333333333333,0.0,2.1666666666666665
count,1.0,1.0,1.0,1.0,1.0,1.0
max,52.333333333333336,0.5,2.0,1.8333333333333333,0.0,2.1666666666666665
mean,52.333333333333336,0.5,2.0,1.8333333333333333,0.0,2.1666666666666665
min,52.333333333333336,0.5,2.0,1.8333333333333333,0.0,2.1666666666666665
std,,,,,,
