,AGE,FEMALE,RACE,ZIPINC_QRTL,DIED,LOS
25%,33.85294117647059,0.5686274509803921,1.825,2.51,0.0,4.323529411764706
50%,33.88235294117647,0.5686274509803921,1.83,2.52,0.0,4.333333333333333
75%,33.911764705882355,0.5686274509803921,1.835,2.53,0.0,4.3431372549019605
count,1.0392156862745099,1.0392156862745099,1.0196078431372548,1.0196078431372548,1.0392156862745099,1.0392156862745099
max,33.94117647058823,0.5686274509803921,1.84,2.54,0.0,4.352941176470588
mean,33.88235294117647,0.5686274509803921,1.83,2.52,0.0,4.333333333333333
min,33.8235294117647,0.5686274509803921,1.82,2.5,0.0,4.313725490196078
std,2.1213203435596424,0.0,0.3535533905932738,0.7071067811865476,0.0,0.7071067811865476
