,AGE,FEMALE,RACE,ZIPINC_QRTL,DIED,LOS
25%,53.0,0.6363636363636364,2.1,2.909090909090909,0.0,3.909090909090909
50%,53.0,0.6363636363636364,2.1,2.909090909090909,0.0,3.909090909090909
75%,53.0,0.6363636363636364,2.1,2.909090909090909,0.0,3.909090909090909
count,1.0,1.0,0.9090909090909091,1.0,1.0,1.0
max,53.0,0.6363636363636364,2.1,2.909090909090909,0.0,3.909090909090909
mean,53.0,0.6363636363636364,2.1,2.909090909090909,0.0,3.909090909090909
min,53.0,0.6363636363636364,2.1,2.909090909090909,0.0,3.909090909090909
std,,,,,,
