,AGE,FEMALE,RACE,ZIPINC_QRTL,DIED,LOS
25%,52.81481481481482,1.0,1.8461538461538463,2.4444444444444446,0.0,4.2592592592592595
50%,52.81481481481482,1.0,1.8461538461538463,2.4444444444444446,0.0,4.2592592592592595
75%,52.81481481481482,1.0,1.8461538461538463,2.4444444444444446,0.0,4.2592592592592595
count,1.0,1.0,0.9629629629629629,1.0,1.0,1.0
max,52.81481481481482,1.0,1.8461538461538463,2.4444444444444446,0.0,4.2592592592592595
mean,52.81481481481482,1.0,1.8461538461538463,2.4444444444444446,0.0,4.2592592592592595
min,52.81481481481482,1.0,1.8461538461538463,2.4444444444444446,0.0,4.2592592592592595
std,,,,,,
