,AGE,FEMALE,RACE,ZIPINC_QRTL,DIED,LOS
25%,59.57142857142857,0.14285714285714285,2.857142857142857,3.5714285714285716,0.0,1.5714285714285714
50%,59.57142857142857,0.14285714285714285,2.857142857142857,3.5714285714285716,0.0,1.5714285714285714
75%,59.57142857142857,0.14285714285714285,2.857142857142857,3.5714285714285716,0.0,1.5714285714285714
count,1.0,1.0,1.0,1.0,1.0,1.0
max,59.57142857142857,0.14285714285714285,2.857142857142857,3.5714285714285716,0.0,1.5714285714285714
mean,59.57142857142857,0.14285714285714285,2.857142857142857,3.5714285714285716,0.0,1.5714285714285714
min,59.57142857142857,0.14285714285714285,2.857142857142857,3.5714285714285716,0.0,1.5714285714285714
std,,,,,,
