,AGE,FEMALE,RACE,ZIPINC_QRTL,DIED,LOS
25%,62.2,0.4,1.5555555555555556,2.9,0.0,4.0
50%,62.2,0.4,1.5555555555555556,2.9,0.0,4.0
75%,62.2,0.4,1.5555555555555556,2.9,0.0,4.0
count,1.0,1.0,0.9,1.0,1.0,1.0
max,62.2,0.4,1.5555555555555556,2.9,0.0,4.0
mean,62.2,0.4,1.5555555555555556,2.9,0.0,4.0
min,62.2,0.4,1.5555555555555556,2.9,0.0,4.0
std,,,,,,
