,AGE,FEMALE,RACE,ZIPINC_QRTL,DIED,LOS
25%,49.7,0.35,1.5625,2.5625,0.0,3.2125
50%,49.85,0.35,1.575,2.575,0.0,3.225
75%,50.0,0.35,1.5875,2.5875,0.0,3.2375
count,1.05,1.05,1.05,1.05,1.05,1.05
max,50.15,0.35,1.6,2.6,0.0,3.25
mean,49.85,0.35,1.575,2.575,0.0,3.225
min,49.55,0.35,1.55,2.55,0.0,3.2
std,8.48528137423857,0.0,0.7071067811865476,0.7071067811865476,0.0,0.7071067811865476
