,AGE,FEMALE,RACE,ZIPINC_QRTL,DIED,LOS
25%,20.0,0.7692307692307693,2.076923076923077,2.3846153846153846,0.0,4.384615384615385
50%,20.0,0.7692307692307693,2.076923076923077,2.3846153846153846,0.0,4.384615384615385
75%,20.0,0.7692307692307693,2.076923076923077,2.3846153846153846,0.0,4.384615384615385
count,1.0,1.0,1.0,1.0,1.0,1.0
max,20.0,0.7692307692307693,2.076923076923077,2.3846153846153846,0.0,4.384615384615385
mean,20.0,0.7692307692307693,2.076923076923077,2.3846153846153846,0.0,4.384615384615385
min,20.0,0.7692307692307693,2.076923076923077,2.3846153846153846,0.0,4.384615384615385
std,,,,,,
