,AGE,FEMALE,RACE,ZIPINC_QRTL,DIED,LOS
25%,58.388888888888886,0.45634920634920634,1.4007936507936507,2.7857142857142856,0.015873015873015872,4.761904761904762
50%,58.77777777777778,0.46825396825396826,1.4206349206349207,2.8253968253968256,0.015873015873015872,4.904761904761905
75%,59.166666666666664,0.4801587301587302,1.4404761904761905,2.865079365079365,0.015873015873015872,5.0476190476190474
count,1.126984126984127,1.126984126984127,1.126984126984127,1.126984126984127,1.126984126984127,1.126984126984127
max,59.55555555555556,0.49206349206349204,1.4603174603174602,2.9047619047619047,0.015873015873015872,5.190476190476191
mean,58.77777777777778,0.46825396825396826,1.4206349206349207,2.8253968253968256,0.015873015873015872,4.904761904761905
min,58.0,0.4444444444444444,1.380952380952381,2.746031746031746,0.015873015873015872,4.619047619047619
std,8.662058069535206,0.26516504294495535,0.44194173824159216,0.8838834764831844,0.0,3.181980515339464
