,AGE,FEMALE,RACE,ZIPINC_QRTL,DIED,LOS
25%,62.71212121212121,0.1893939393939394,4.21969696969697,2.21875,0.0,2.7196969696969697
50%,64.15151515151516,0.19696969696969696,4.257575757575758,2.34375,0.0,2.893939393939394
75%,65.5909090909091,0.2803030303030303,4.3106060606060606,2.4765625,0.0,3.143939393939394
count,1.696969696969697,1.696969696969697,1.696969696969697,1.5757575757575757,1.696969696969697,1.696969696969697
max,66.72727272727273,0.3333333333333333,4.454545454545454,2.59375,0.0,3.393939393939394
mean,64.04329004329004,0.24025974025974026,4.279220779220779,2.34375,0.0,2.9372294372294374
min,60.96969696969697,0.18181818181818182,4.181818181818182,2.09375,0.0,2.515151515151515
std,8.242912233176307,0.22874462096771336,0.3870431068476099,0.8212898165848251,0.0,1.3518560490412652
