,AGE,FEMALE,RACE,ZIPINC_QRTL,DIED,LOS
25%,45.611111111111114,0.4444444444444444,2.0555555555555554,2.4444444444444446,0.0,3.1666666666666665
50%,45.611111111111114,0.4444444444444444,2.0555555555555554,2.4444444444444446,0.0,3.1666666666666665
75%,45.611111111111114,0.4444444444444444,2.0555555555555554,2.4444444444444446,0.0,3.1666666666666665
count,1.0,1.0,1.0,1.0,1.0,1.0
max,45.611111111111114,0.4444444444444444,2.0555555555555554,2.4444444444444446,0.0,3.1666666666666665
mean,45.611111111111114,0.4444444444444444,2.0555555555555554,2.4444444444444446,0.0,3.1666666666666665
min,45.611111111111114,0.4444444444444444,2.0555555555555554,2.4444444444444446,0.0,3.1666666666666665
std,,,,,,
