,AGE,FEMALE,RACE,ZIPINC_QRTL,DIED,LOS
25%,56.59981343283582,0.3675373134328358,1.3845419847328244,2.5149812734082397,0.0,4.724813432835821
50%,60.115671641791046,0.47574626865671643,1.5267175572519085,2.7677902621722845,0.0,5.143656716417911
75%,62.93563432835821,0.5783582089552238,1.7900763358778626,2.985955056179775,0.0018656716417910447,5.803171641791045
count,2.205223880597015,2.205223880597015,2.1044776119402986,2.171641791044776,2.205223880597015,2.205223880597015
max,65.91044776119404,0.664179104477612,2.0572519083969465,3.194756554307116,0.0037313432835820895,6.641791044776119
mean,59.66186034115139,0.47041577825159914,1.6100372591784804,2.7372213304797572,0.0012437810945273632,5.332280561478322
min,52.88059701492537,0.26865671641791045,1.2709923664122138,2.2247191011235956,0.0,4.3059701492537314
std,11.726831735517635,0.3783134702262322,0.7431028141184093,0.8921053674380752,0.0033763173636820226,2.034086479738888
