,AGE,FEMALE,RACE,ZIPINC_QRTL,DIED,LOS
25%,57.58177570093458,0.0,1.7908653846153846,2.3365384615384617,0.0,3.619158878504673
50%,58.070093457943926,0.0,1.8221153846153846,2.375,0.0,3.6588785046728973
75%,58.59345794392523,0.0,1.8629807692307692,2.4086538461538463,0.0,3.7126168224299065
count,1.1682242990654206,1.1682242990654206,1.1401869158878504,1.1308411214953271,1.158878504672897,1.1682242990654206
max,59.19626168224299,0.0,1.9038461538461537,2.4423076923076925,0.0,3.7850467289719627
mean,58.10669781931465,0.0,1.828525641025641,2.3701923076923075,0.0,3.671339563862928
min,57.09345794392523,0.0,1.7596153846153846,2.2884615384615383,0.0,3.5794392523364484
std,10.332294358326278,0.0,0.6898059129202914,0.726632995774111,0.0,0.9422751299633441
