,AGE,FEMALE,RACE,ZIPINC_QRTL,DIED,LOS
25%,49.461666666666666,0.395,1.842281879194631,2.253401360544218,0.0,5.515
50%,50.85333333333333,0.45,1.919463087248322,2.3537414965986394,0.0,5.706666666666667
75%,52.35333333333333,0.48333333333333334,2.0083892617449663,2.4676870748299318,0.0,6.291666666666667
count,1.5533333333333332,1.5533333333333332,1.5333333333333334,1.52,1.5533333333333332,1.5533333333333332
max,53.94,0.5333333333333333,2.1006711409395975,2.5918367346938775,0.0,7.246666666666667
mean,50.9042619047619,0.439952380952381,1.925071907957814,2.363338192419825,0.0,6.035793650793651
min,47.92,0.3466666666666667,1.7516778523489933,2.1496598639455784,0.0,5.3
std,11.091124704568111,0.35562564327803897,0.6508302839897481,0.8065435354531885,0.0,3.418083692335706
