,AGE,FEMALE,RACE,ZIPINC_QRTL,DIED,LOS
25%,29.37751677852349,0.14597315436241612,2.196551724137931,2.3614864864864864,0.0,4.820469798657718
50%,30.506711409395972,0.1644295302013423,2.268965517241379,2.435810810810811,0.0,4.932885906040268
75%,31.96812080536913,0.18624161073825504,2.3689655172413793,2.5050675675675675,0.0,5.067114093959732
count,1.3557046979865772,1.3557046979865772,1.2885906040268456,1.3355704697986577,1.3557046979865772,1.3557046979865772
max,33.40268456375839,0.2080536912751678,2.462068965517241,2.574324324324324,0.0,5.201342281879195
mean,30.73042505592841,0.16666666666666666,2.2873563218390807,2.4318693693693696,0.0,4.946868008948546
min,28.288590604026847,0.12751677852348994,2.1310344827586207,2.2837837837837838,0.0,4.704697986577181
std,11.865266830679255,0.19276218662494776,0.8522117724471373,0.7180318781276049,0.0,1.156884679752047
