,AGE,FEMALE,RACE,ZIPINC_QRTL,DIED,LOS
25%,44.16346153846154,0.20192307692307693,1.7403846153846154,2.26,0.0,16.192307692307693
50%,44.36538461538461,0.21153846153846154,1.7884615384615385,2.28,0.0,16.23076923076923
75%,44.56730769230769,0.22115384615384615,1.8365384615384615,2.3,0.0,16.26923076923077
count,1.0384615384615385,1.0384615384615385,1.0384615384615385,1.0,1.0384615384615385,1.0384615384615385
max,44.76923076923077,0.23076923076923078,1.8846153846153846,2.32,0.0,16.307692307692307
mean,44.36538461538461,0.21153846153846154,1.7884615384615385,2.28,0.0,16.23076923076923
min,43.96153846153846,0.19230769230769232,1.6923076923076923,2.24,0.0,16.153846153846153
std,14.849242404917497,0.7071067811865476,3.5355339059327378,1.4142135623730951,0.0,2.8284271247461903
