,AGE,FEMALE,RACE,ZIPINC_QRTL,DIED,LOS
25%,62.71875,0.15625,2.875,2.3214285714285716,0.0,3.65625
50%,63.1875,0.1875,2.875,2.357142857142857,0.0,3.6875
75%,63.65625,0.21875,2.875,2.392857142857143,0.0,3.71875
count,1.125,1.125,1.125,1.0,1.125,1.125
max,64.125,0.25,2.875,2.4285714285714284,0.0,3.75
mean,63.1875,0.1875,2.875,2.357142857142857,0.0,3.6875
min,62.25,0.125,2.875,2.2857142857142856,0.0,3.625
std,10.606601717798213,0.7071067811865476,0.0,0.7071067811865476,0.0,0.7071067811865476
