,AGE,FEMALE,RACE,ZIPINC_QRTL,DIED,LOS
25%,59.648809523809526,0.5476190476190477,1.7560975609756098,2.25625,0.0,6.6726190476190474
50%,59.98809523809524,0.5476190476190477,1.7560975609756098,2.2625,0.0,6.7976190476190474
75%,60.32738095238095,0.5476190476190477,1.7560975609756098,2.26875,0.0,6.9226190476190474
count,1.0714285714285714,1.0714285714285714,1.0476190476190477,1.0238095238095237,1.0714285714285714,1.0714285714285714
max,60.666666666666664,0.5476190476190477,1.7560975609756098,2.275,0.0,7.0476190476190474
mean,59.98809523809524,0.5476190476190477,1.7560975609756098,2.2625,0.0,6.7976190476190474
min,59.30952380952381,0.5476190476190477,1.7560975609756098,2.25,0.0,6.5476190476190474
std,13.435028842544403,0.0,0.0,0.23570226039551587,0.0,4.949747468305833
