,AGE,FEMALE,RACE,ZIPINC_QRTL,DIED,LOS
25%,62.05603448275862,0.5646551724137931,1.5560344827586208,2.0474137931034484,0.0,3.3879310344827585
50%,62.68103448275862,0.5775862068965517,1.6120689655172413,2.0775862068965516,0.0,3.4482758620689653
75%,63.03879310344828,0.5991379310344828,1.6767241379310345,2.1336206896551726,0.0,3.5172413793103448
count,1.1379310344827587,1.1379310344827587,1.1379310344827587,1.1379310344827587,1.1206896551724137,1.1379310344827587
max,63.39655172413793,0.6206896551724138,1.7413793103448276,2.189655172413793,0.0,3.586206896551724
mean,62.50287356321839,0.5833333333333334,1.617816091954023,2.0948275862068964,0.0,3.454022988505747
min,61.43103448275862,0.5517241379310345,1.5,2.0172413793103448,0.0,3.3275862068965516
std,10.429241247631968,0.3855243732498955,1.3956769178021062,0.9545426108392443,0.0,1.4966921722573274
