,AGE,FEMALE,RACE,ZIPINC_QRTL,DIED,LOS
25%,32.47115384615385,0.3173076923076923,2.05,2.451923076923077,0.0,5.5576923076923075
50%,33.86538461538461,0.3269230769230769,2.1,2.519230769230769,0.0,5.884615384615385
75%,35.25961538461539,0.33653846153846156,2.15,2.5865384615384617,0.0,6.211538461538462
count,1.1153846153846154,1.1153846153846154,1.0769230769230769,1.1153846153846154,1.1153846153846154,1.1153846153846154
max,36.65384615384615,0.34615384615384615,2.2,2.6538461538461537,0.0,6.538461538461538
mean,33.86538461538461,0.3269230769230769,2.1,2.519230769230769,0.0,5.884615384615385
min,31.076923076923077,0.3076923076923077,2.0,2.3846153846153846,0.0,5.230769230769231
std,34.1768277573498,0.23570226039551587,1.1785113019775793,1.6499158227686108,0.0,8.01387685344754
