,AGE,FEMALE,RACE,ZIPINC_QRTL,DIED,LOS
25%,57.797400611620795,0.07110091743119266,1.2060185185185186,2.2079510703363914,0.0,2.8065749235474007
50%,60.84709480122324,0.14067278287461774,1.3703703703703705,2.5718654434250765,0.0,3.432721712538226
75%,64.08333333333333,0.2889908256880734,1.6743827160493827,2.96177370030581,0.0007645259938837921,4.5282874617737
count,3.18348623853211,3.180428134556575,3.125382262996942,3.1192660550458715,3.18348623853211,3.18348623853211
max,67.49847094801223,0.4709480122324159,2.253086419753086,3.302752293577982,0.01529051987767584,6.636085626911315
mean,60.935482721491894,0.20105533270670886,1.516799943883277,2.5776246519365786,0.0027754610323417663,3.8990517891894036
min,54.38532110091743,0.03363914373088685,1.1111111111111112,1.834862385321101,0.0,2.238532110091743
std,7.8331411028026565,0.291408665780213,0.7203804175510842,0.9433200674889223,0.007707644051434222,2.612604606218677
