,AGE,FEMALE,RACE,ZIPINC_QRTL,DIED,LOS
25%,57.15,0.5416666666666666,1.6293103448275863,2.45,0.0,4.0
50%,57.266666666666666,0.55,1.6379310344827587,2.466666666666667,0.0,4.033333333333333
75%,57.38333333333333,0.5583333333333333,1.646551724137931,2.4833333333333334,0.0,4.066666666666666
count,1.1,1.1,1.0333333333333334,1.1,1.1,1.1
max,57.5,0.5666666666666667,1.6551724137931034,2.5,0.0,4.1
mean,57.266666666666666,0.55,1.6379310344827587,2.466666666666667,0.0,4.033333333333333
min,57.03333333333333,0.5333333333333333,1.6206896551724137,2.433333333333333,0.0,3.966666666666667
std,3.2998316455372216,0.23570226039551587,0.3535533905932738,0.47140452079103173,0.0,0.9428090415820635
