,AGE,FEMALE,RACE,ZIPINC_QRTL,DIED,LOS
25%,15.262443438914028,0.41402714932126694,1.5724299065420562,2.3088235294117645,0.0,3.5441176470588234
50%,16.757918552036198,0.47285067873303166,1.689252336448598,2.4638009049773757,0.0,3.8981900452488687
75%,19.559954751131222,0.5384615384615384,1.8352803738317758,2.6459276018099547,0.0,4.219457013574661
count,1.8778280542986425,1.8733031674208145,1.7647058823529411,1.8190045248868778,1.8733031674208145,1.8778280542986425
max,22.46153846153846,0.6063348416289592,1.985981308411215,2.8506787330316743,0.0,4.520361990950226
mean,17.64125188536953,0.47805429864253396,1.712538940809969,2.4884615384615385,0.0,3.8726244343891403
min,13.83710407239819,0.3574660633484163,1.4672897196261683,2.158371040723982,0.0,3.1900452488687785
std,9.673364545350838,0.29244933303142745,0.6445972299322762,0.8564745255377272,0.0,1.505466533714943
