,AGE,FEMALE,RACE,ZIPINC_QRTL,DIED,LOS
25%,12.376854599406528,0.12091988130563798,1.3258928571428572,2.048219584569733,0.0,3.021513353115727
50%,14.913946587537092,0.3219584569732938,1.7276785714285714,2.7032640949554896,0.0,3.7136498516320473
75%,19.269287833827892,0.6602373887240356,2.441220238095238,3.2841246290801185,0.0,4.425816023738872
count,7.160237388724036,7.15727002967359,6.839762611275964,6.991097922848665,7.160237388724036,7.160237388724036
max,31.474777448071215,0.9228486646884273,3.7470238095238093,3.7329376854599405,0.0,6.498516320474778
mean,17.01329922788614,0.4077100182168119,2.0159344675792044,2.643519759605969,0.0,3.887966339368026
min,9.240356083086054,0.032640949554896145,1.0833333333333333,1.4332344213649852,0.0,2.0534124629080117
std,8.370878457507347,0.4533158431866669,1.1551542630421079,1.0032028621253029,0.0,1.7473266634539244
