,AGE,FEMALE,RACE,ZIPINC_QRTL,DIED,LOS
25%,78.66666666666667,1.0,3.0,2.6666666666666665,0.0,1.6666666666666667
50%,78.66666666666667,1.0,3.0,2.6666666666666665,0.0,1.6666666666666667
75%,78.66666666666667,1.0,3.0,2.6666666666666665,0.0,1.6666666666666667
count,1.0,1.0,1.0,1.0,1.0,1.0
max,78.66666666666667,1.0,3.0,2.6666666666666665,0.0,1.6666666666666667
mean,78.66666666666667,1.0,3.0,2.6666666666666665,0.0,1.6666666666666667
min,78.66666666666667,1.0,3.0,2.6666666666666665,0.0,1.6666666666666667
std,,,,,,
