,AGE,FEMALE,RACE,ZIPINC_QRTL,DIED,LOS
25%,26.674698795180724,0.4457831325301205,1.7561728395061729,2.503125,0.0,3.1325301204819276
50%,27.27710843373494,0.4578313253012048,1.7839506172839505,2.54375,0.0,3.1686746987951806
75%,27.879518072289155,0.46987951807228917,1.8117283950617284,2.584375,0.0,3.2048192771084336
count,1.144578313253012,1.144578313253012,1.0963855421686748,1.108433734939759,1.144578313253012,1.144578313253012
max,28.481927710843372,0.4819277108433735,1.8395061728395061,2.625,0.0,3.2409638554216866
mean,27.27710843373494,0.4578313253012048,1.7839506172839505,2.54375,0.0,3.1686746987951806
min,26.072289156626507,0.43373493975903615,1.728395061728395,2.4625,0.0,3.0963855421686746
std,11.785113019775793,0.23570226039551587,0.6363961030678927,0.7660323462854265,0.0,0.7071067811865476
