,AGE,FEMALE,RACE,ZIPINC_QRTL,DIED,LOS
25%,54.87234042553192,0.16888297872340424,1.8214285714285714,2.0481283422459895,0.0,1.928191489361702
50%,57.226063829787236,0.21010638297872342,1.9587912087912087,2.2459893048128343,0.0,2.1382978723404253
75%,59.42952127659574,0.27393617021276595,2.1277472527472527,2.443850267379679,0.0013297872340425532,2.421542553191489
count,1.8617021276595744,1.8563829787234043,1.7659574468085106,1.803191489361702,1.8617021276595744,1.8617021276595744
max,61.62765957446808,0.35638297872340424,2.3626373626373627,2.6524064171122994,0.010638297872340425,2.851063829787234
mean,56.84308510638298,0.22881205673758864,1.988095238095238,2.2506238859180034,0.0023936170212765957,2.2213652482269506
min,51.02127659574468,0.13297872340425532,1.6703296703296704,1.8663101604278074,0.0,1.75
std,12.556725504419955,0.28678110472888013,0.8825147895721566,1.0148217252342255,0.010642849387639979,1.356230957546566
