,AGE,FEMALE,RACE,ZIPINC_QRTL,DIED,LOS
25%,16.5,0.3333333333333333,1.0,3.1666666666666665,0.0,3.0416666666666665
50%,16.5,0.3333333333333333,1.0,3.1666666666666665,0.0,3.0833333333333335
75%,16.5,0.3333333333333333,1.0,3.1666666666666665,0.0,3.125
count,1.1666666666666667,1.1666666666666667,1.1666666666666667,1.1666666666666667,1.1666666666666667,1.1666666666666667
max,16.5,0.3333333333333333,1.0,3.1666666666666665,0.0,3.1666666666666665
mean,16.5,0.3333333333333333,1.0,3.1666666666666665,0.0,3.0833333333333335
min,16.5,0.3333333333333333,1.0,3.1666666666666665,0.0,3.0
std,0.0,0.0,0.0,0.0,0.0,0.7071067811865476
