,AGE,FEMALE,RACE,ZIPINC_QRTL,DIED,LOS
25%,62.857142857142854,0.42857142857142855,1.5714285714285714,2.5714285714285716,0.0,3.5714285714285716
50%,62.857142857142854,0.42857142857142855,1.5714285714285714,2.5714285714285716,0.0,3.5714285714285716
75%,62.857142857142854,0.42857142857142855,1.5714285714285714,2.5714285714285716,0.0,3.5714285714285716
count,1.0,1.0,1.0,1.0,1.0,1.0
max,62.857142857142854,0.42857142857142855,1.5714285714285714,2.5714285714285716,0.0,3.5714285714285716
mean,62.857142857142854,0.42857142857142855,1.5714285714285714,2.5714285714285716,0.0,3.5714285714285716
min,62.857142857142854,0.42857142857142855,1.5714285714285714,2.5714285714285716,0.0,3.5714285714285716
std,,,,,,
