,AGE,FEMALE,RACE,ZIPINC_QRTL,DIED,LOS
25%,53.5625,0.625,2.1171875,2.21875,0.0,3.15625
50%,53.8125,0.625,2.140625,2.25,0.0,3.1875
75%,54.0625,0.625,2.1640625,2.28125,0.0,3.21875
count,1.09375,1.09375,1.09375,1.09375,1.09375,1.09375
max,54.3125,0.625,2.1875,2.3125,0.0,3.25
mean,53.8125,0.625,2.140625,2.25,0.0,3.1875
min,53.3125,0.625,2.09375,2.1875,0.0,3.125
std,7.542472332656506,0.0,0.7071067811865476,0.9428090415820635,0.0,0.9428090415820635
