,AGE,FEMALE,RACE,ZIPINC_QRTL,DIED,LOS
25%,66.77333333333333,0.28,1.9349315068493151,2.4895833333333335,0.013333333333333334,9.553333333333333
50%,66.94666666666667,0.29333333333333333,1.9383561643835616,2.5208333333333335,0.013333333333333334,9.613333333333333
75%,67.12,0.30666666666666664,1.9417808219178083,2.5520833333333335,0.013333333333333334,9.673333333333334
count,1.0666666666666667,1.0666666666666667,1.04,1.0133333333333334,1.0666666666666667,1.0666666666666667
max,67.29333333333334,0.32,1.9452054794520548,2.5833333333333335,0.013333333333333334,9.733333333333333
mean,66.94666666666667,0.29333333333333333,1.9383561643835616,2.5208333333333335,0.013333333333333334,9.613333333333333
min,66.6,0.26666666666666666,1.9315068493150684,2.4583333333333335,0.013333333333333334,9.493333333333334
std,7.353910524340094,0.565685424949238,0.1414213562373095,1.590990257669732,0.0,2.545584412271571
