,AGE,FEMALE,RACE,ZIPINC_QRTL,DIED,LOS
25%,46.06666666666667,1.0,2.066666666666667,1.7857142857142858,0.0,2.2
50%,46.06666666666667,1.0,2.066666666666667,1.7857142857142858,0.0,2.2
75%,46.06666666666667,1.0,2.066666666666667,1.7857142857142858,0.0,2.2
count,1.0,1.0,1.0,0.9333333333333333,1.0,1.0
max,46.06666666666667,1.0,2.066666666666667,1.7857142857142858,0.0,2.2
mean,46.06666666666667,1.0,2.066666666666667,1.7857142857142858,0.0,2.2
min,46.06666666666667,1.0,2.066666666666667,1.7857142857142858,0.0,2.2
std,,,,,,
