,AGE,FEMALE,RACE,ZIPINC_QRTL,DIED,LOS
25%,56.0,0.6666666666666666,2.0,2.875,0.0,3.6666666666666665
50%,56.0,0.6666666666666666,2.0,2.875,0.0,3.6666666666666665
75%,56.0,0.6666666666666666,2.0,2.875,0.0,3.6666666666666665
count,1.0,1.0,1.0,0.8888888888888888,1.0,1.0
max,56.0,0.6666666666666666,2.0,2.875,0.0,3.6666666666666665
mean,56.0,0.6666666666666666,2.0,2.875,0.0,3.6666666666666665
min,56.0,0.6666666666666666,2.0,2.875,0.0,3.6666666666666665
std,,,,,,
