,AGE,FEMALE,RACE,ZIPINC_QRTL,DIED,LOS
25%,29.34375,0.224609375,1.8422131147540983,2.4960629921259843,0.0,4.517578125
50%,30.04296875,0.23828125,1.889344262295082,2.543307086614173,0.0,4.63671875
75%,30.8125,0.2578125,1.9569672131147542,2.5688976377952755,0.0,4.76171875
count,1.21875,1.21875,1.171875,1.2109375,1.21875,1.21875
max,31.5390625,0.2890625,2.0,2.5984251968503935,0.0,4.890625
mean,30.04453125,0.24440104166666665,1.9008196721311477,2.533989501312336,0.0,4.639453125
min,28.4765625,0.2109375,1.8114754098360655,2.4645669291338583,0.0,4.390625
std,12.569395806802152,0.32371556664977086,0.7424316302484658,0.532729637824893,0.0,2.1168758282940163
