,AGE,FEMALE,RACE,ZIPINC_QRTL,DIED,LOS
25%,35.166666666666664,0.6666666666666666,1.75,2.1666666666666665,0.0,3.25
50%,35.166666666666664,0.6666666666666666,1.75,2.1666666666666665,0.0,3.25
75%,35.166666666666664,0.6666666666666666,1.75,2.1666666666666665,0.0,3.25
count,1.0,1.0,1.0,1.0,1.0,1.0
max,35.166666666666664,0.6666666666666666,1.75,2.1666666666666665,0.0,3.25
mean,35.166666666666664,0.6666666666666666,1.75,2.1666666666666665,0.0,3.25
min,35.166666666666664,0.6666666666666666,1.75,2.1666666666666665,0.0,3.25
std,,,,,,
