,AGE,FEMALE,RACE,ZIPINC_QRTL,DIED,LOS
25%,24.5354609929078,0.32978723404255317,2.1470588235294117,2.1783088235294117,0.0,3.604609929078014
50%,26.01418439716312,0.3404255319148936,2.2095588235294117,2.261029411764706,0.0,3.797872340425532
75%,27.26418439716312,0.36347517730496454,2.2886029411764706,2.3841911764705883,0.0,3.99822695035461
count,1.4113475177304964,1.4113475177304964,1.326241134751773,1.3475177304964538,1.4113475177304964,1.4113475177304964
max,28.5177304964539,0.3900709219858156,2.3676470588235294,2.5073529411764706,0.0,4.198581560283688
mean,25.85874704491726,0.34929078014184395,2.2199754901960786,2.2892156862745097,0.0,3.8026004728132383
min,23.0354609929078,0.3191489361702128,2.0808823529411766,2.1029411764705883,0.0,3.4113475177304964
std,11.653159042482521,0.15158971879742245,0.6514495477389551,0.9279681585436462,0.0,1.7152852643080785
