,AGE,FEMALE,RACE,ZIPINC_QRTL,DIED,LOS
25%,41.0,0.3333333333333333,3.3333333333333335,2.0,0.0,3.6666666666666665
50%,41.0,0.3333333333333333,3.3333333333333335,2.0,0.0,3.6666666666666665
75%,41.0,0.3333333333333333,3.3333333333333335,2.0,0.0,3.6666666666666665
count,1.0,1.0,1.0,1.0,1.0,1.0
max,41.0,0.3333333333333333,3.3333333333333335,2.0,0.0,3.6666666666666665
mean,41.0,0.3333333333333333,3.3333333333333335,2.0,0.0,3.6666666666666665
min,41.0,0.3333333333333333,3.3333333333333335,2.0,0.0,3.6666666666666665
std,,,,,,
