,AGE,FEMALE,RACE,ZIPINC_QRTL,DIED,LOS
25%,54.142857142857146,0.7142857142857143,2.0,1.5714285714285714,0.0,3.142857142857143
50%,54.142857142857146,0.7142857142857143,2.0,1.5714285714285714,0.0,3.142857142857143
75%,54.142857142857146,0.7142857142857143,2.0,1.5714285714285714,0.0,3.142857142857143
count,1.0,1.0,1.0,1.0,1.0,1.0
max,54.142857142857146,0.7142857142857143,2.0,1.5714285714285714,0.0,3.142857142857143
mean,54.142857142857146,0.7142857142857143,2.0,1.5714285714285714,0.0,3.142857142857143
min,54.142857142857146,0.7142857142857143,2.0,1.5714285714285714,0.0,3.142857142857143
std,,,,,,
