,AGE,FEMALE,RACE,ZIPINC_QRTL,DIED,LOS
25%,54.875,0.5,1.5,2.857142857142857,0.0,6.375
50%,54.875,0.5,1.5,2.857142857142857,0.0,6.375
75%,54.875,0.5,1.5,2.857142857142857,0.0,6.375
count,1.0,1.0,1.0,0.875,1.0,1.0
max,54.875,0.5,1.5,2.857142857142857,0.0,6.375
mean,54.875,0.5,1.5,2.857142857142857,0.0,6.375
min,54.875,0.5,1.5,2.857142857142857,0.0,6.375
std,,,,,,
