,AGE,FEMALE,RACE,ZIPINC_QRTL,DIED,LOS
25%,60.16346153846154,0.3269230769230769,1.59,2.3653846153846154,0.0,2.951923076923077
50%,60.78846153846154,0.34615384615384615,1.62,2.3846153846153846,0.0,2.980769230769231
75%,61.41346153846154,0.36538461538461536,1.65,2.4038461538461537,0.0,3.0096153846153846
count,1.0769230769230769,1.0769230769230769,1.0384615384615385,1.0769230769230769,1.0769230769230769,1.0769230769230769
max,62.03846153846154,0.38461538461538464,1.68,2.423076923076923,0.0,3.0384615384615383
mean,60.78846153846154,0.34615384615384615,1.62,2.3846153846153846,0.0,2.980769230769231
min,59.53846153846154,0.3076923076923077,1.56,2.3461538461538463,0.0,2.923076923076923
std,22.980970388562795,0.7071067811865476,1.0606601717798212,0.7071067811865476,0.0,1.0606601717798214
