,AGE,FEMALE,RACE,ZIPINC_QRTL,DIED,LOS
25%,32.65833333333333,0.4666666666666667,2.25,2.6982758620689653,0.0,3.0
50%,33.55,0.4666666666666667,2.2857142857142856,2.7413793103448274,0.0,3.066666666666667
75%,34.44166666666667,0.4666666666666667,2.3214285714285716,2.7844827586206895,0.0,3.1333333333333333
count,1.1333333333333333,1.1333333333333333,1.0666666666666667,1.1,1.1333333333333333,1.1333333333333333
max,35.333333333333336,0.4666666666666667,2.357142857142857,2.8275862068965516,0.0,3.2
mean,33.55,0.4666666666666667,2.2857142857142856,2.7413793103448274,0.0,3.066666666666667
min,31.766666666666666,0.4666666666666667,2.2142857142857144,2.6551724137931036,0.0,2.933333333333333
std,18.915106396740146,0.0,0.7071067811865475,0.8838834764831844,0.0,1.4142135623730951
