,AGE,FEMALE,RACE,ZIPINC_QRTL,DIED,LOS
25%,48.06363636363636,0.37727272727272726,1.5257575757575759,2.379573170731707,0.01818181818181818,12.072727272727272
50%,50.36060606060606,0.42424242424242425,1.6090909090909091,2.4939024390243905,0.01818181818181818,13.006060606060606
75%,51.92727272727273,0.4712121212121212,1.690909090909091,2.6128048780487805,0.021212121212121213,14.053030303030303
count,1.4545454545454546,1.4545454545454546,1.4303030303030304,1.4424242424242424,1.4545454545454546,1.4545454545454546
max,53.484848484848484,0.5151515151515151,1.7757575757575759,2.725609756097561,0.024242424242424242,15.175757575757576
mean,49.86404040404041,0.42424242424242425,1.6134343434343432,2.495833333333333,0.0202020202020202,13.092626262626263
min,45.71515151515152,0.3333333333333333,1.4606060606060607,2.268292682926829,0.01818181818181818,11.121212121212121
std,14.778491078265988,0.35502488690248085,0.6381659069824211,0.8983233394491561,0.010497277621629561,7.681609787103421
