,AGE,FEMALE,RACE,ZIPINC_QRTL,DIED,LOS
25%,43.370370370370374,0.48148148148148145,1.5555555555555556,2.740740740740741,0.07407407407407407,16.583333333333332
50%,43.370370370370374,0.48148148148148145,1.5555555555555556,2.740740740740741,0.07407407407407407,16.64814814814815
75%,43.370370370370374,0.48148148148148145,1.5555555555555556,2.740740740740741,0.07407407407407407,16.712962962962962
count,1.037037037037037,1.037037037037037,1.037037037037037,1.037037037037037,1.037037037037037,1.037037037037037
max,43.370370370370374,0.48148148148148145,1.5555555555555556,2.740740740740741,0.07407407407407407,16.77777777777778
mean,43.370370370370374,0.48148148148148145,1.5555555555555556,2.740740740740741,0.07407407407407407,16.64814814814815
min,43.370370370370374,0.48148148148148145,1.5555555555555556,2.740740740740741,0.07407407407407407,16.51851851851852
std,0.0,0.0,0.0,0.0,0.0,4.949747468305833
