,AGE,FEMALE,RACE,ZIPINC_QRTL,DIED,LOS
25%,48.111111111111114,0.3333333333333333,1.8888888888888888,3.3333333333333335,0.0,6.0
50%,48.111111111111114,0.3333333333333333,1.8888888888888888,3.3333333333333335,0.0,6.0
75%,48.111111111111114,0.3333333333333333,1.8888888888888888,3.3333333333333335,0.0,6.0
count,1.0,1.0,1.0,1.0,1.0,1.0
max,48.111111111111114,0.3333333333333333,1.8888888888888888,3.3333333333333335,0.0,6.0
mean,48.111111111111114,0.3333333333333333,1.8888888888888888,3.3333333333333335,0.0,6.0
min,48.111111111111114,0.3333333333333333,1.8888888888888888,3.3333333333333335,0.0,6.0
std,,,,,,
