,AGE,FEMALE,RACE,ZIPINC_QRTL,DIED,LOS
25%,59.31192660550459,0.14908256880733944,1.4606481481481481,2.7291666666666665,0.009174311926605505,3.947247706422018
50%,59.80733944954128,0.16055045871559634,1.4953703703703705,2.7916666666666665,0.009174311926605505,4.059633027522936
75%,60.35321100917431,0.1811926605504587,1.5347222222222223,2.8541666666666665,0.009174311926605505,4.176605504587156
count,1.2477064220183487,1.2477064220183487,1.2110091743119267,1.238532110091743,1.2477064220183487,1.2477064220183487
max,60.89908256880734,0.2018348623853211,1.5740740740740742,2.9166666666666665,0.009174311926605505,4.293577981651376
mean,59.840978593272176,0.16666666666666669,1.498456790123457,2.7916666666666665,0.009174311926605505,4.062691131498471
min,58.81651376146789,0.13761467889908258,1.4259259259259258,2.6666666666666665,0.009174311926605505,3.834862385321101
std,6.423595032331279,0.1954264351796662,0.49022790816550504,0.7609773319704414,0.0,1.4375846218094097
