,AGE,FEMALE,RACE,ZIPINC_QRTL,DIED,LOS
25%,59.74038461538461,0.2644230769230769,2.1923076923076925,2.260204081632653,0.0,3.5865384615384617
50%,60.36538461538461,0.27884615384615385,2.25,2.336734693877551,0.0,3.6538461538461537
75%,61.125,0.2932692307692308,2.2884615384615383,2.392857142857143,0.0,3.730769230769231
count,1.1923076923076923,1.1923076923076923,1.1538461538461537,1.1153846153846154,1.1923076923076923,1.1923076923076923
max,61.88461538461539,0.3076923076923077,2.326923076923077,2.4489795918367347,0.0,3.8076923076923075
mean,60.455128205128204,0.27884615384615385,2.2371794871794872,2.32312925170068,0.0,3.6602564102564106
min,59.11538461538461,0.25,2.1346153846153846,2.183673469387755,0.0,3.519230769230769
std,11.111865035878438,0.23570226039551587,0.9730792554102331,1.1166093914289092,0.0,1.164093911755699
