,AGE,FEMALE,RACE,ZIPINC_QRTL,DIED,LOS
25%,50.270270270270274,0.32432432432432434,1.8445945945945945,2.1180555555555554,0.0,5.02027027027027
50%,50.2972972972973,0.32432432432432434,1.8783783783783783,2.125,0.0,5.04054054054054
75%,50.32432432432432,0.32432432432432434,1.912162162162162,2.1319444444444446,0.0,5.0608108108108105
count,1.027027027027027,1.027027027027027,1.027027027027027,1.0,1.027027027027027,1.027027027027027
max,50.351351351351354,0.32432432432432434,1.945945945945946,2.138888888888889,0.0,5.081081081081081
mean,50.2972972972973,0.32432432432432434,1.8783783783783783,2.125,0.0,5.04054054054054
min,50.24324324324324,0.32432432432432434,1.8108108108108107,2.111111111111111,0.0,5.0
std,2.8284271247461903,0.0,3.5355339059327378,0.7071067811865476,0.0,2.1213203435596424
