,AGE,FEMALE,RACE,ZIPINC_QRTL,DIED,LOS
25%,46.48015873015873,0.26587301587301587,1.7415254237288136,2.5942622950819674,0.015873015873015872,6.174603174603175
50%,47.46825396825397,0.2777777777777778,1.7881355932203389,2.6147540983606556,0.015873015873015872,6.301587301587301
75%,48.45634920634921,0.2896825396825397,1.8347457627118644,2.6352459016393444,0.015873015873015872,6.428571428571429
count,1.1746031746031746,1.1746031746031746,1.1111111111111112,1.1428571428571428,1.1746031746031746,1.1746031746031746
max,49.44444444444444,0.30158730158730157,1.88135593220339,2.6557377049180326,0.015873015873015872,6.555555555555555
mean,47.46825396825397,0.2777777777777778,1.7881355932203389,2.6147540983606556,0.015873015873015872,6.301587301587301
min,45.492063492063494,0.25396825396825395,1.694915254237288,2.5737704918032787,0.015873015873015872,6.0476190476190474
std,16.006326228677302,0.19284730395996752,0.7071067811865475,0.32141217326661253,0.0,2.05703790890632
