,AGE,FEMALE,RACE,ZIPINC_QRTL,DIED,LOS
25%,57.27777777777778,0.4117647058823529,1.7058823529411764,2.2222222222222223,0.05555555555555555,4.333333333333333
50%,57.27777777777778,0.4117647058823529,1.7058823529411764,2.2222222222222223,0.05555555555555555,4.333333333333333
75%,57.27777777777778,0.4117647058823529,1.7058823529411764,2.2222222222222223,0.05555555555555555,4.333333333333333
count,1.0,0.9444444444444444,0.9444444444444444,1.0,1.0,1.0
max,57.27777777777778,0.4117647058823529,1.7058823529411764,2.2222222222222223,0.05555555555555555,4.333333333333333
mean,57.27777777777778,0.4117647058823529,1.7058823529411764,2.2222222222222223,0.05555555555555555,4.333333333333333
min,57.27777777777778,0.4117647058823529,1.7058823529411764,2.2222222222222223,0.05555555555555555,4.333333333333333
std,,,,,,
