,AGE,FEMALE,RACE,ZIPINC_QRTL,DIED,LOS
25%,32.35606060606061,1.0,2.231382978723404,2.038265306122449,0.0,1.72979797979798
50%,32.75252525252525,1.0,2.3138297872340425,2.086734693877551,0.0,1.7727272727272727
75%,33.02777777777778,1.0,2.390957446808511,2.1301020408163267,0.0,1.8257575757575757
count,1.2323232323232323,1.2323232323232323,1.1818181818181819,1.2121212121212122,1.2323232323232323,1.2323232323232323
max,33.303030303030305,1.0,2.4680851063829787,2.173469387755102,0.0,1.878787878787879
mean,32.67171717171717,1.0,2.3102836879432624,2.083333333333333,0.0,1.7794612794612794
min,31.95959595959596,1.0,2.148936170212766,1.989795918367347,0.0,1.6868686868686869
std,4.13322934590385,0.0,0.9583384965272501,0.5999126452076635,0.0,0.5988870826613891
