,AGE,FEMALE,RACE,ZIPINC_QRTL,DIED,LOS
25%,70.66666666666667,0.6666666666666666,1.0,4.0,0.0,3.3333333333333335
50%,70.66666666666667,0.6666666666666666,1.0,4.0,0.0,3.3333333333333335
75%,70.66666666666667,0.6666666666666666,1.0,4.0,0.0,3.3333333333333335
count,1.0,1.0,1.0,0.6666666666666666,1.0,1.0
max,70.66666666666667,0.6666666666666666,1.0,4.0,0.0,3.3333333333333335
mean,70.66666666666667,0.6666666666666666,1.0,4.0,0.0,3.3333333333333335
min,70.66666666666667,0.6666666666666666,1.0,4.0,0.0,3.3333333333333335
std,,,,,,
